2025/07/30 17:32:12.393, 38.12 W, 55, 0 %, 0 %
2025/07/30 17:32:13.397, 37.88 W, 55, 0 %, 0 %
2025/07/30 17:32:14.400, 37.87 W, 55, 0 %, 0 %
2025/07/30 17:32:15.404, 37.87 W, 55, 0 %, 0 %
2025/07/30 17:32:16.407, 37.87 W, 54, 0 %, 0 %
2025/07/30 17:32:17.410, 37.87 W, 54, 0 %, 0 %
2025/07/30 17:32:18.414, 69.97 W, 55, 56 %, 9 %
2025/07/30 17:32:19.417, 76.36 W, 55, 55 %, 9 %
2025/07/30 17:32:20.420, 77.39 W, 56, 55 %, 9 %
2025/07/30 17:32:21.424, 71.92 W, 56, 54 %, 9 %
2025/07/30 17:32:22.427, 68.24 W, 56, 55 %, 9 %
2025/07/30 17:32:23.432, 75.17 W, 56, 59 %, 9 %
2025/07/30 17:32:24.435, 73.40 W, 56, 59 %, 9 %
2025/07/30 17:32:25.438, 72.41 W, 56, 58 %, 9 %
2025/07/30 17:32:26.442, 75.21 W, 56, 59 %, 9 %
2025/07/30 17:32:27.445, 75.35 W, 56, 59 %, 9 %
2025/07/30 17:32:28.449, 75.61 W, 56, 58 %, 9 %
2025/07/30 17:32:29.452, 78.34 W, 56, 59 %, 9 %
2025/07/30 17:32:30.455, 67.01 W, 56, 25 %, 6 %
2025/07/30 17:32:31.458, 74.92 W, 56, 59 %, 9 %
2025/07/30 17:32:32.462, 72.91 W, 56, 58 %, 9 %
2025/07/30 17:32:33.466, 73.15 W, 56, 59 %, 9 %
2025/07/30 17:32:34.469, 78.13 W, 56, 59 %, 9 %
2025/07/30 17:32:35.473, 73.23 W, 56, 59 %, 9 %
2025/07/30 17:32:36.476, 73.64 W, 56, 59 %, 9 %
2025/07/30 17:32:37.480, 68.69 W, 56, 59 %, 9 %
2025/07/30 17:32:38.484, 71.43 W, 56, 59 %, 9 %
2025/07/30 17:32:39.487, 74.67 W, 56, 59 %, 9 %
2025/07/30 17:32:40.490, 78.10 W, 56, 59 %, 9 %
2025/07/30 17:32:41.493, 74.59 W, 56, 59 %, 9 %
2025/07/30 17:32:42.498, 68.49 W, 56, 40 %, 6 %
2025/07/30 17:32:43.501, 77.11 W, 56, 58 %, 9 %
2025/07/30 17:32:44.505, 75.91 W, 56, 59 %, 9 %
2025/07/30 17:32:45.508, 76.86 W, 56, 59 %, 9 %
2025/07/30 17:32:46.511, 71.18 W, 56, 59 %, 9 %
2025/07/30 17:32:47.515, 70.96 W, 56, 58 %, 9 %
2025/07/30 17:32:48.522, 75.62 W, 56, 59 %, 9 %
2025/07/30 17:32:49.525, 74.43 W, 56, 59 %, 9 %
2025/07/30 17:32:50.529, 75.66 W, 56, 59 %, 9 %
2025/07/30 17:32:51.532, 74.15 W, 56, 59 %, 9 %
2025/07/30 17:32:52.535, 78.30 W, 57, 58 %, 9 %
2025/07/30 17:32:53.538, 72.45 W, 57, 55 %, 9 %
2025/07/30 17:32:54.542, 71.21 W, 56, 54 %, 8 %
2025/07/30 17:32:55.547, 68.95 W, 56, 23 %, 5 %
2025/07/30 17:32:56.550, 73.65 W, 56, 56 %, 9 %
2025/07/30 17:32:57.554, 72.41 W, 56, 57 %, 9 %
2025/07/30 17:32:58.557, 68.21 W, 56, 53 %, 8 %
2025/07/30 17:32:59.560, 79.83 W, 56, 57 %, 9 %
2025/07/30 17:33:00.565, 73.89 W, 57, 58 %, 9 %
2025/07/30 17:33:01.568, 75.17 W, 56, 58 %, 9 %
2025/07/30 17:33:02.572, 72.20 W, 56, 58 %, 9 %
2025/07/30 17:33:03.575, 74.64 W, 56, 58 %, 9 %
2025/07/30 17:33:04.579, 76.36 W, 57, 58 %, 9 %
2025/07/30 17:33:05.583, 75.66 W, 57, 58 %, 9 %
2025/07/30 17:33:06.586, 76.57 W, 56, 58 %, 9 %
2025/07/30 17:33:07.590, 64.78 W, 56, 38 %, 9 %
2025/07/30 17:33:08.593, 75.33 W, 57, 58 %, 9 %
2025/07/30 17:33:09.596, 73.19 W, 56, 59 %, 9 %
2025/07/30 17:33:10.600, 75.34 W, 57, 59 %, 9 %
2025/07/30 17:33:11.603, 77.32 W, 57, 58 %, 9 %
2025/07/30 17:33:12.606, 72.91 W, 57, 58 %, 9 %
2025/07/30 17:33:13.609, 73.15 W, 57, 59 %, 9 %
2025/07/30 17:33:14.613, 80.85 W, 57, 59 %, 9 %
2025/07/30 17:33:15.616, 75.86 W, 57, 58 %, 9 %
2025/07/30 17:33:16.620, 73.15 W, 57, 59 %, 9 %
2025/07/30 17:33:17.623, 72.62 W, 57, 59 %, 9 %
2025/07/30 17:33:18.626, 77.39 W, 57, 58 %, 9 %
2025/07/30 17:33:19.631, 64.54 W, 57, 35 %, 8 %
2025/07/30 17:33:20.634, 72.17 W, 57, 58 %, 9 %
2025/07/30 17:33:21.638, 72.45 W, 57, 59 %, 9 %
2025/07/30 17:33:22.641, 73.89 W, 57, 58 %, 9 %
2025/07/30 17:33:23.644, 72.38 W, 57, 59 %, 9 %
2025/07/30 17:33:24.649, 76.37 W, 57, 59 %, 9 %
2025/07/30 17:33:25.653, 76.12 W, 57, 59 %, 9 %
2025/07/30 17:33:26.656, 74.64 W, 57, 58 %, 9 %
2025/07/30 17:33:27.659, 73.14 W, 57, 59 %, 9 %
2025/07/30 17:33:28.663, 75.62 W, 57, 58 %, 9 %
2025/07/30 17:33:29.668, 73.68 W, 57, 54 %, 8 %
2025/07/30 17:33:30.671, 71.18 W, 57, 56 %, 9 %
2025/07/30 17:33:31.674, 77.60 W, 57, 55 %, 9 %
2025/07/30 17:33:32.678, 76.08 W, 57, 27 %, 5 %
2025/07/30 17:33:33.681, 75.38 W, 57, 48 %, 7 %
2025/07/30 17:33:34.684, 78.38 W, 57, 59 %, 9 %
2025/07/30 17:33:35.688, 75.62 W, 57, 59 %, 9 %
2025/07/30 17:33:36.692, 77.64 W, 57, 59 %, 9 %
2025/07/30 17:33:37.695, 68.99 W, 57, 59 %, 9 %
2025/07/30 17:33:38.700, 71.14 W, 57, 59 %, 9 %
2025/07/30 17:33:39.703, 71.18 W, 57, 59 %, 9 %
2025/07/30 17:33:40.706, 75.15 W, 57, 59 %, 9 %
2025/07/30 17:33:41.709, 77.06 W, 57, 59 %, 9 %
2025/07/30 17:33:42.713, 76.40 W, 57, 58 %, 9 %
2025/07/30 17:33:43.717, 74.67 W, 57, 58 %, 9 %
2025/07/30 17:33:44.720, 46.05 W, 57, 39 %, 9 %
2025/07/30 17:33:45.724, 77.68 W, 57, 60 %, 9 %
2025/07/30 17:33:46.727, 78.13 W, 57, 58 %, 9 %
2025/07/30 17:33:47.730, 73.19 W, 57, 59 %, 9 %
2025/07/30 17:33:48.735, 76.61 W, 57, 58 %, 9 %
2025/07/30 17:33:49.738, 75.09 W, 57, 58 %, 9 %
2025/07/30 17:33:50.742, 72.91 W, 57, 58 %, 9 %
2025/07/30 17:33:51.745, 78.63 W, 57, 59 %, 9 %
2025/07/30 17:33:52.749, 73.15 W, 57, 59 %, 9 %
2025/07/30 17:33:53.754, 79.33 W, 57, 58 %, 9 %
2025/07/30 17:33:54.757, 76.86 W, 57, 59 %, 9 %
2025/07/30 17:33:55.760, 74.39 W, 57, 59 %, 9 %
2025/07/30 17:33:56.764, 66.27 W, 57, 39 %, 9 %
2025/07/30 17:33:57.768, 76.86 W, 57, 59 %, 9 %
2025/07/30 17:33:58.771, 72.41 W, 57, 58 %, 9 %
2025/07/30 17:33:59.774, 73.36 W, 57, 59 %, 9 %
2025/07/30 17:34:00.778, 75.95 W, 57, 59 %, 9 %
2025/07/30 17:34:01.785, 76.60 W, 57, 59 %, 9 %
2025/07/30 17:34:02.788, 70.93 W, 57, 59 %, 9 %
2025/07/30 17:34:03.791, 74.39 W, 57, 56 %, 9 %
2025/07/30 17:34:04.794, 73.89 W, 57, 55 %, 9 %
2025/07/30 17:34:05.798, 72.69 W, 57, 55 %, 9 %
2025/07/30 17:34:06.803, 72.20 W, 57, 56 %, 9 %
2025/07/30 17:34:07.806, 74.92 W, 57, 56 %, 9 %
2025/07/30 17:34:08.810, 63.55 W, 57, 34 %, 8 %
2025/07/30 17:34:09.813, 78.13 W, 57, 59 %, 9 %
2025/07/30 17:34:10.816, 78.08 W, 57, 59 %, 9 %
2025/07/30 17:34:11.820, 71.21 W, 57, 59 %, 9 %
2025/07/30 17:34:12.824, 74.14 W, 57, 58 %, 9 %
2025/07/30 17:34:13.827, 71.67 W, 57, 58 %, 9 %
2025/07/30 17:34:14.830, 74.92 W, 57, 58 %, 9 %
2025/07/30 17:34:15.834, 76.12 W, 57, 59 %, 9 %
2025/07/30 17:34:16.837, 78.88 W, 57, 58 %, 9 %
2025/07/30 17:34:17.840, 70.22 W, 57, 58 %, 9 %
2025/07/30 17:34:18.843, 78.08 W, 57, 59 %, 9 %
2025/07/30 17:34:19.848, 77.39 W, 57, 59 %, 9 %
2025/07/30 17:34:20.851, 67.04 W, 57, 32 %, 6 %
2025/07/30 17:34:21.854, 76.86 W, 57, 59 %, 9 %
2025/07/30 17:34:22.857, 71.18 W, 57, 60 %, 9 %
2025/07/30 17:34:23.861, 73.93 W, 57, 59 %, 9 %
2025/07/30 17:34:24.864, 76.61 W, 57, 59 %, 9 %
2025/07/30 17:34:25.869, 70.72 W, 57, 59 %, 9 %
2025/07/30 17:34:26.872, 73.93 W, 57, 59 %, 9 %
2025/07/30 17:34:27.876, 76.61 W, 57, 58 %, 9 %
2025/07/30 17:34:28.880, 74.92 W, 57, 58 %, 9 %
2025/07/30 17:34:29.883, 73.14 W, 57, 59 %, 9 %
2025/07/30 17:34:30.887, 75.86 W, 57, 59 %, 9 %
2025/07/30 17:34:31.890, 78.34 W, 57, 58 %, 9 %
2025/07/30 17:34:32.894, 66.76 W, 57, 38 %, 6 %
2025/07/30 17:34:33.897, 77.64 W, 57, 59 %, 9 %
2025/07/30 17:34:34.900, 70.72 W, 57, 59 %, 9 %
2025/07/30 17:34:35.905, 71.42 W, 57, 58 %, 9 %
2025/07/30 17:34:36.909, 78.43 W, 57, 59 %, 9 %
2025/07/30 17:34:37.912, 78.13 W, 57, 59 %, 9 %
2025/07/30 17:34:38.915, 76.40 W, 57, 59 %, 9 %
2025/07/30 17:34:39.918, 71.92 W, 57, 54 %, 9 %
2025/07/30 17:34:40.922, 75.33 W, 57, 56 %, 9 %
2025/07/30 17:34:41.925, 71.46 W, 57, 56 %, 9 %
2025/07/30 17:34:42.928, 69.48 W, 57, 55 %, 9 %
2025/07/30 17:34:43.935, 73.19 W, 57, 52 %, 8 %
2025/07/30 17:34:44.938, 72.42 W, 57, 58 %, 9 %
2025/07/30 17:34:45.941, 45.55 W, 57, 39 %, 9 %
2025/07/30 17:34:46.944, 75.83 W, 57, 59 %, 9 %
2025/07/30 17:34:47.948, 72.66 W, 57, 58 %, 9 %
2025/07/30 17:34:48.953, 72.94 W, 57, 59 %, 9 %
2025/07/30 17:34:49.956, 77.64 W, 57, 59 %, 9 %
2025/07/30 17:34:50.959, 74.64 W, 57, 59 %, 9 %
2025/07/30 17:34:51.962, 76.85 W, 57, 59 %, 9 %
2025/07/30 17:34:52.966, 72.41 W, 57, 59 %, 9 %
2025/07/30 17:34:53.971, 77.56 W, 57, 59 %, 9 %
2025/07/30 17:34:54.974, 75.38 W, 57, 59 %, 9 %
2025/07/30 17:34:55.977, 75.91 W, 57, 58 %, 9 %
2025/07/30 17:34:56.980, 71.95 W, 57, 58 %, 9 %
2025/07/30 17:34:57.984, 56.66 W, 57, 39 %, 9 %
2025/07/30 17:34:58.989, 72.15 W, 57, 59 %, 9 %
2025/07/30 17:34:59.992, 72.38 W, 57, 58 %, 9 %
2025/07/30 17:35:00.996, 75.09 W, 57, 58 %, 9 %
2025/07/30 17:35:01.999, 79.83 W, 57, 59 %, 9 %
2025/07/30 17:35:03.003, 74.88 W, 57, 59 %, 9 %
2025/07/30 17:35:04.006, 75.13 W, 57, 58 %, 9 %
2025/07/30 17:35:05.009, 76.12 W, 57, 59 %, 9 %
2025/07/30 17:35:06.012, 75.17 W, 57, 58 %, 9 %
2025/07/30 17:35:07.016, 77.35 W, 57, 59 %, 9 %
2025/07/30 17:35:08.019, 78.55 W, 57, 58 %, 9 %
2025/07/30 17:35:09.023, 77.32 W, 57, 58 %, 9 %
2025/07/30 17:35:10.026, 65.03 W, 57, 39 %, 9 %
2025/07/30 17:35:11.029, 77.89 W, 57, 58 %, 9 %
2025/07/30 17:35:12.033, 74.88 W, 57, 59 %, 9 %
2025/07/30 17:35:13.037, 76.07 W, 57, 58 %, 9 %
2025/07/30 17:35:14.040, 74.92 W, 57, 58 %, 9 %
2025/07/30 17:35:15.043, 73.65 W, 57, 55 %, 9 %
2025/07/30 17:35:16.047, 71.18 W, 57, 57 %, 9 %
2025/07/30 17:35:17.050, 73.15 W, 57, 57 %, 9 %
2025/07/30 17:35:18.055, 76.90 W, 57, 55 %, 9 %
2025/07/30 17:35:19.058, 70.68 W, 57, 53 %, 8 %
2025/07/30 17:35:20.062, 76.86 W, 57, 59 %, 9 %
2025/07/30 17:35:21.065, 72.41 W, 57, 59 %, 9 %
2025/07/30 17:35:22.068, 65.77 W, 57, 37 %, 6 %
2025/07/30 17:35:23.071, 72.17 W, 57, 59 %, 9 %
2025/07/30 17:35:24.075, 80.85 W, 57, 59 %, 9 %
2025/07/30 17:35:25.078, 75.38 W, 57, 59 %, 9 %
2025/07/30 17:35:26.082, 71.18 W, 57, 58 %, 9 %
2025/07/30 17:35:27.086, 70.68 W, 57, 58 %, 9 %
2025/07/30 17:35:28.089, 75.13 W, 57, 58 %, 9 %
2025/07/30 17:35:29.092, 73.65 W, 57, 59 %, 9 %
2025/07/30 17:35:30.095, 77.85 W, 57, 59 %, 9 %
2025/07/30 17:35:31.099, 76.40 W, 57, 59 %, 9 %
2025/07/30 17:35:32.103, 77.60 W, 57, 58 %, 9 %
2025/07/30 17:35:33.106, 76.90 W, 57, 59 %, 9 %
2025/07/30 17:35:34.110, 68.04 W, 57, 53 %, 8 %
2025/07/30 17:35:35.113, 77.11 W, 57, 58 %, 9 %
2025/07/30 17:35:36.116, 74.10 W, 57, 58 %, 9 %
2025/07/30 17:35:37.121, 75.17 W, 57, 58 %, 9 %
2025/07/30 17:35:38.125, 73.12 W, 57, 57 %, 9 %
2025/07/30 17:35:39.128, 78.63 W, 57, 58 %, 9 %
2025/07/30 17:35:40.131, 70.44 W, 57, 59 %, 9 %
2025/07/30 17:35:41.134, 77.60 W, 57, 60 %, 9 %
2025/07/30 17:35:42.140, 79.25 W, 57, 59 %, 9 %
2025/07/30 17:35:43.143, 72.45 W, 57, 59 %, 9 %
2025/07/30 17:35:44.146, 75.41 W, 57, 59 %, 9 %
2025/07/30 17:35:45.149, 76.90 W, 57, 60 %, 9 %
2025/07/30 17:35:46.153, 63.53 W, 57, 59 %, 9 %
2025/07/30 17:35:47.156, 80.07 W, 57, 58 %, 9 %
2025/07/30 17:35:48.159, 70.96 W, 57, 59 %, 9 %
2025/07/30 17:35:49.163, 78.79 W, 57, 59 %, 9 %
2025/07/30 17:35:50.166, 75.83 W, 57, 57 %, 9 %
2025/07/30 17:35:51.170, 74.64 W, 57, 52 %, 8 %
2025/07/30 17:35:52.174, 76.65 W, 57, 54 %, 8 %
2025/07/30 17:35:53.177, 75.87 W, 57, 54 %, 8 %
2025/07/30 17:35:54.180, 75.87 W, 57, 55 %, 9 %
2025/07/30 17:35:55.184, 77.10 W, 57, 57 %, 9 %
2025/07/30 17:35:56.188, 76.08 W, 57, 59 %, 9 %
2025/07/30 17:35:57.192, 73.85 W, 57, 59 %, 9 %
2025/07/30 17:35:58.195, 72.66 W, 57, 55 %, 9 %
2025/07/30 17:35:59.198, 67.96 W, 57, 39 %, 9 %
2025/07/30 17:36:00.201, 73.65 W, 57, 59 %, 9 %
2025/07/30 17:36:01.206, 79.08 W, 57, 59 %, 9 %
2025/07/30 17:36:02.210, 74.88 W, 57, 59 %, 9 %
2025/07/30 17:36:03.213, 76.14 W, 57, 59 %, 9 %
2025/07/30 17:36:04.217, 74.62 W, 57, 58 %, 9 %
2025/07/30 17:36:05.220, 79.29 W, 57, 58 %, 9 %
2025/07/30 17:36:06.225, 77.39 W, 57, 59 %, 9 %
2025/07/30 17:36:07.228, 79.08 W, 57, 59 %, 9 %
2025/07/30 17:36:08.231, 76.16 W, 57, 58 %, 9 %
2025/07/30 17:36:09.234, 74.67 W, 57, 59 %, 9 %
2025/07/30 17:36:10.238, 74.18 W, 57, 59 %, 9 %
2025/07/30 17:36:11.241, 65.77 W, 57, 39 %, 9 %
2025/07/30 17:36:12.244, 78.10 W, 57, 60 %, 9 %
2025/07/30 17:36:13.247, 71.92 W, 57, 59 %, 9 %
2025/07/30 17:36:14.251, 74.88 W, 57, 58 %, 9 %
2025/07/30 17:36:15.254, 76.37 W, 57, 59 %, 9 %
2025/07/30 17:36:16.258, 74.59 W, 57, 59 %, 9 %
2025/07/30 17:36:17.261, 72.41 W, 57, 59 %, 9 %
2025/07/30 17:36:18.264, 76.16 W, 57, 57 %, 9 %
2025/07/30 17:36:19.268, 75.62 W, 57, 59 %, 9 %
2025/07/30 17:36:20.272, 79.58 W, 57, 60 %, 9 %
2025/07/30 17:36:21.276, 67.72 W, 57, 59 %, 9 %
2025/07/30 17:36:22.279, 77.64 W, 57, 59 %, 9 %
2025/07/30 17:36:23.282, 68.00 W, 57, 39 %, 9 %
2025/07/30 17:36:24.285, 78.13 W, 57, 59 %, 9 %
2025/07/30 17:36:25.290, 72.94 W, 57, 55 %, 9 %
2025/07/30 17:36:26.293, 70.72 W, 57, 54 %, 8 %
2025/07/30 17:36:27.297, 73.93 W, 57, 54 %, 8 %
2025/07/30 17:36:28.300, 76.40 W, 57, 50 %, 8 %
2025/07/30 17:36:29.304, 73.15 W, 57, 55 %, 9 %
2025/07/30 17:36:30.308, 72.20 W, 57, 54 %, 8 %
2025/07/30 17:36:31.316, 72.69 W, 57, 58 %, 9 %
2025/07/30 17:36:32.319, 78.63 W, 57, 60 %, 9 %
2025/07/30 17:36:33.322, 79.37 W, 57, 59 %, 9 %
2025/07/30 17:36:34.325, 78.10 W, 57, 59 %, 9 %
2025/07/30 17:36:35.329, 65.77 W, 57, 58 %, 9 %
2025/07/30 17:36:36.332, 75.66 W, 57, 58 %, 9 %
2025/07/30 17:36:37.336, 72.41 W, 57, 58 %, 9 %
2025/07/30 17:36:38.339, 76.61 W, 57, 53 %, 8 %
2025/07/30 17:36:39.343, 76.37 W, 57, 58 %, 9 %
2025/07/30 17:36:40.346, 79.12 W, 57, 59 %, 9 %
2025/07/30 17:36:41.349, 71.95 W, 57, 58 %, 9 %
2025/07/30 17:36:42.353, 72.13 W, 57, 59 %, 9 %
2025/07/30 17:36:43.357, 77.36 W, 57, 59 %, 9 %
2025/07/30 17:36:44.360, 75.17 W, 57, 58 %, 9 %
2025/07/30 17:36:45.364, 80.82 W, 57, 58 %, 9 %
2025/07/30 17:36:46.367, 73.89 W, 57, 59 %, 9 %
2025/07/30 17:36:47.371, 49.51 W, 57, 59 %, 9 %
2025/07/30 17:36:48.375, 75.66 W, 57, 25 %, 4 %
2025/07/30 17:36:49.379, 76.61 W, 57, 58 %, 9 %
2025/07/30 17:36:50.382, 75.87 W, 57, 59 %, 9 %
2025/07/30 17:36:51.386, 71.46 W, 57, 59 %, 9 %
2025/07/30 17:36:52.389, 77.39 W, 57, 59 %, 9 %
2025/07/30 17:36:53.392, 74.14 W, 57, 59 %, 9 %
2025/07/30 17:36:54.395, 74.61 W, 57, 58 %, 9 %
2025/07/30 17:36:55.399, 74.88 W, 57, 58 %, 9 %
2025/07/30 17:36:56.402, 74.88 W, 57, 59 %, 9 %
2025/07/30 17:36:57.406, 78.13 W, 57, 59 %, 9 %
2025/07/30 17:36:58.409, 74.43 W, 57, 52 %, 8 %
2025/07/30 17:36:59.413, 77.35 W, 57, 60 %, 9 %
2025/07/30 17:37:00.417, 75.13 W, 57, 26 %, 6 %
2025/07/30 17:37:01.420, 73.68 W, 57, 56 %, 9 %
2025/07/30 17:37:02.424, 74.67 W, 57, 57 %, 9 %
2025/07/30 17:37:03.427, 71.18 W, 57, 56 %, 9 %
2025/07/30 17:37:04.430, 71.71 W, 57, 57 %, 9 %
2025/07/30 17:37:05.434, 74.14 W, 57, 55 %, 9 %
2025/07/30 17:37:06.437, 74.92 W, 57, 59 %, 9 %
2025/07/30 17:37:07.442, 74.14 W, 57, 60 %, 9 %
2025/07/30 17:37:08.445, 76.61 W, 57, 54 %, 8 %
2025/07/30 17:37:09.448, 80.11 W, 57, 59 %, 9 %
2025/07/30 17:37:10.453, 72.91 W, 57, 59 %, 9 %
2025/07/30 17:37:11.456, 76.61 W, 57, 59 %, 9 %
2025/07/30 17:37:12.460, 66.51 W, 57, 39 %, 9 %
2025/07/30 17:37:13.464, 73.43 W, 57, 59 %, 9 %
2025/07/30 17:37:14.467, 80.32 W, 57, 59 %, 9 %
2025/07/30 17:37:15.471, 75.14 W, 57, 57 %, 9 %
2025/07/30 17:37:16.474, 72.94 W, 57, 57 %, 9 %
2025/07/30 17:37:17.478, 76.32 W, 57, 58 %, 9 %
2025/07/30 17:37:18.481, 73.44 W, 57, 52 %, 8 %
2025/07/30 17:37:19.484, 70.47 W, 57, 57 %, 9 %
2025/07/30 17:37:20.488, 77.06 W, 57, 58 %, 9 %
2025/07/30 17:37:21.491, 71.92 W, 57, 56 %, 9 %
2025/07/30 17:37:22.494, 77.89 W, 57, 57 %, 9 %
2025/07/30 17:37:23.498, 78.30 W, 57, 57 %, 9 %
2025/07/30 17:37:24.501, 68.75 W, 57, 34 %, 6 %
2025/07/30 17:37:25.505, 75.56 W, 57, 59 %, 9 %
2025/07/30 17:37:26.510, 72.57 W, 57, 58 %, 9 %
2025/07/30 17:37:27.513, 74.43 W, 57, 59 %, 9 %
2025/07/30 17:37:28.516, 79.67 W, 57, 59 %, 9 %
2025/07/30 17:37:29.519, 75.28 W, 57, 59 %, 9 %
2025/07/30 17:37:30.523, 69.60 W, 57, 58 %, 9 %
2025/07/30 17:37:31.526, 78.00 W, 57, 59 %, 9 %
2025/07/30 17:37:32.529, 76.76 W, 57, 59 %, 9 %
2025/07/30 17:37:33.533, 79.81 W, 57, 59 %, 9 %
2025/07/30 17:37:34.536, 72.57 W, 57, 60 %, 9 %
2025/07/30 17:37:35.539, 79.23 W, 57, 58 %, 9 %
2025/07/30 17:37:36.542, 61.74 W, 57, 31 %, 6 %
2025/07/30 17:37:37.546, 80.01 W, 57, 40 %, 6 %
2025/07/30 17:37:38.549, 71.92 W, 57, 54 %, 9 %
2025/07/30 17:37:39.556, 73.79 W, 57, 56 %, 9 %
2025/07/30 17:37:40.559, 72.85 W, 57, 54 %, 9 %
2025/07/30 17:37:41.562, 76.79 W, 57, 58 %, 9 %
2025/07/30 17:37:42.565, 75.03 W, 57, 59 %, 9 %
2025/07/30 17:37:43.569, 74.14 W, 57, 58 %, 9 %
2025/07/30 17:37:44.575, 76.94 W, 57, 59 %, 9 %
2025/07/30 17:37:45.578, 75.48 W, 57, 60 %, 9 %
2025/07/30 17:37:46.581, 74.79 W, 57, 59 %, 9 %
2025/07/30 17:37:47.585, 70.62 W, 57, 59 %, 9 %
2025/07/30 17:37:48.588, 72.81 W, 57, 58 %, 9 %
2025/07/30 17:37:49.593, 66.44 W, 57, 39 %, 9 %
2025/07/30 17:37:50.596, 73.88 W, 57, 59 %, 9 %
2025/07/30 17:37:51.600, 73.26 W, 57, 59 %, 9 %
2025/07/30 17:37:52.603, 75.53 W, 57, 58 %, 9 %
2025/07/30 17:37:53.606, 75.32 W, 57, 59 %, 9 %
2025/07/30 17:37:54.611, 74.53 W, 57, 59 %, 9 %
2025/07/30 17:37:55.614, 77.01 W, 57, 59 %, 9 %
2025/07/30 17:37:56.617, 73.15 W, 57, 59 %, 9 %
2025/07/30 17:37:57.621, 74.21 W, 57, 59 %, 9 %
2025/07/30 17:37:58.624, 78.53 W, 57, 59 %, 9 %
2025/07/30 17:37:59.627, 77.54 W, 57, 59 %, 9 %
2025/07/30 17:38:00.630, 75.56 W, 57, 59 %, 9 %
2025/07/30 17:38:01.634, 67.17 W, 57, 39 %, 9 %
2025/07/30 17:38:02.637, 74.29 W, 57, 60 %, 9 %
2025/07/30 17:38:03.640, 77.11 W, 57, 59 %, 9 %
2025/07/30 17:38:04.644, 77.85 W, 57, 59 %, 9 %
2025/07/30 17:38:05.647, 76.40 W, 57, 59 %, 9 %
2025/07/30 17:38:06.650, 72.20 W, 57, 59 %, 9 %
2025/07/30 17:38:07.654, 73.40 W, 57, 59 %, 9 %
2025/07/30 17:38:08.658, 75.66 W, 57, 58 %, 9 %
2025/07/30 17:38:09.662, 73.61 W, 57, 58 %, 9 %
2025/07/30 17:38:10.665, 78.63 W, 57, 58 %, 9 %
2025/07/30 17:38:11.668, 74.64 W, 57, 55 %, 9 %
2025/07/30 17:38:12.672, 78.34 W, 57, 56 %, 9 %
2025/07/30 17:38:13.676, 64.82 W, 57, 36 %, 8 %
2025/07/30 17:38:14.680, 70.96 W, 57, 55 %, 9 %
2025/07/30 17:38:15.683, 77.11 W, 57, 55 %, 9 %
2025/07/30 17:38:16.686, 73.19 W, 57, 50 %, 8 %
2025/07/30 17:38:17.690, 73.93 W, 57, 58 %, 9 %
2025/07/30 17:38:18.695, 76.40 W, 57, 57 %, 9 %
2025/07/30 17:38:19.698, 76.83 W, 57, 58 %, 9 %
2025/07/30 17:38:20.701, 72.91 W, 57, 59 %, 9 %
2025/07/30 17:38:21.705, 75.86 W, 57, 58 %, 9 %
2025/07/30 17:38:22.708, 78.55 W, 57, 58 %, 9 %
2025/07/30 17:38:23.712, 68.74 W, 57, 58 %, 9 %
2025/07/30 17:38:24.715, 73.89 W, 57, 60 %, 9 %
2025/07/30 17:38:25.719, 46.54 W, 57, 54 %, 8 %
2025/07/30 17:38:26.724, 78.58 W, 57, 58 %, 9 %
2025/07/30 17:38:27.727, 77.85 W, 57, 60 %, 9 %
2025/07/30 17:38:28.731, 72.38 W, 57, 59 %, 9 %
2025/07/30 17:38:29.734, 77.11 W, 57, 58 %, 9 %
2025/07/30 17:38:30.737, 78.38 W, 57, 59 %, 9 %
2025/07/30 17:38:31.743, 75.41 W, 57, 59 %, 9 %
2025/07/30 17:38:32.746, 79.62 W, 57, 59 %, 9 %
2025/07/30 17:38:33.750, 75.62 W, 57, 59 %, 9 %
2025/07/30 17:38:34.753, 74.67 W, 57, 59 %, 9 %
2025/07/30 17:38:35.757, 77.35 W, 57, 59 %, 9 %
2025/07/30 17:38:36.760, 75.86 W, 57, 59 %, 9 %
2025/07/30 17:38:37.764, 47.78 W, 57, 59 %, 9 %
2025/07/30 17:38:38.767, 76.40 W, 57, 58 %, 9 %
2025/07/30 17:38:39.770, 74.64 W, 57, 59 %, 9 %
2025/07/30 17:38:40.773, 78.13 W, 57, 59 %, 9 %
2025/07/30 17:38:41.779, 75.62 W, 57, 59 %, 9 %
2025/07/30 17:38:42.782, 77.89 W, 57, 59 %, 9 %
2025/07/30 17:38:43.785, 72.69 W, 57, 59 %, 9 %
2025/07/30 17:38:44.788, 77.10 W, 57, 59 %, 9 %
2025/07/30 17:38:45.792, 74.67 W, 57, 59 %, 9 %
2025/07/30 17:38:46.795, 73.40 W, 57, 59 %, 9 %
2025/07/30 17:38:47.798, 77.32 W, 57, 55 %, 9 %
2025/07/30 17:38:48.802, 71.46 W, 57, 54 %, 8 %
2025/07/30 17:38:49.805, 71.92 W, 57, 52 %, 8 %
2025/07/30 17:38:50.809, 51.71 W, 57, 37 %, 8 %
2025/07/30 17:38:51.812, 73.65 W, 57, 56 %, 9 %
2025/07/30 17:38:52.816, 74.67 W, 57, 57 %, 9 %
2025/07/30 17:38:53.820, 71.71 W, 57, 59 %, 9 %
2025/07/30 17:38:54.823, 74.39 W, 57, 59 %, 9 %
2025/07/30 17:38:55.827, 77.60 W, 57, 59 %, 9 %
2025/07/30 17:38:56.830, 75.91 W, 57, 59 %, 9 %
2025/07/30 17:38:57.833, 74.93 W, 57, 59 %, 9 %
2025/07/30 17:38:58.837, 70.96 W, 57, 58 %, 9 %
2025/07/30 17:38:59.840, 78.31 W, 57, 59 %, 9 %
2025/07/30 17:39:00.844, 74.60 W, 57, 59 %, 9 %
2025/07/30 17:39:01.847, 79.62 W, 57, 59 %, 9 %
2025/07/30 17:39:02.851, 64.51 W, 57, 40 %, 9 %
2025/07/30 17:39:03.854, 79.83 W, 57, 59 %, 9 %
2025/07/30 17:39:04.857, 74.14 W, 57, 58 %, 9 %
2025/07/30 17:39:05.861, 72.41 W, 57, 59 %, 9 %
2025/07/30 17:39:06.864, 75.38 W, 57, 59 %, 9 %
2025/07/30 17:39:07.867, 73.89 W, 57, 59 %, 9 %
2025/07/30 17:39:08.870, 77.64 W, 57, 59 %, 9 %
2025/07/30 17:39:09.875, 71.21 W, 57, 59 %, 9 %
2025/07/30 17:39:10.878, 75.13 W, 57, 58 %, 9 %
2025/07/30 17:39:11.881, 74.88 W, 57, 59 %, 9 %
2025/07/30 17:39:12.884, 77.32 W, 57, 58 %, 9 %
2025/07/30 17:39:13.888, 71.67 W, 57, 59 %, 9 %
2025/07/30 17:39:14.893, 66.02 W, 57, 39 %, 9 %
2025/07/30 17:39:15.896, 77.89 W, 57, 59 %, 9 %
2025/07/30 17:39:16.900, 77.85 W, 57, 58 %, 9 %
2025/07/30 17:39:17.903, 72.66 W, 57, 59 %, 9 %
2025/07/30 17:39:18.907, 73.93 W, 57, 59 %, 9 %
2025/07/30 17:39:19.911, 77.85 W, 57, 59 %, 9 %
2025/07/30 17:39:20.915, 76.16 W, 57, 59 %, 9 %
2025/07/30 17:39:21.918, 71.71 W, 57, 58 %, 9 %
2025/07/30 17:39:22.922, 75.87 W, 57, 51 %, 8 %
2025/07/30 17:39:23.925, 73.36 W, 57, 53 %, 8 %
2025/07/30 17:39:24.929, 72.41 W, 57, 54 %, 8 %
2025/07/30 17:39:25.932, 68.96 W, 57, 55 %, 9 %
2025/07/30 17:39:26.936, 63.55 W, 57, 31 %, 6 %
2025/07/30 17:39:27.939, 71.71 W, 57, 55 %, 9 %
2025/07/30 17:39:28.943, 74.88 W, 57, 59 %, 9 %
2025/07/30 17:39:29.947, 77.39 W, 57, 58 %, 9 %
2025/07/30 17:39:30.950, 75.91 W, 57, 58 %, 9 %
2025/07/30 17:39:31.953, 76.65 W, 57, 59 %, 9 %
2025/07/30 17:39:32.956, 74.88 W, 57, 59 %, 9 %
2025/07/30 17:39:33.959, 80.36 W, 57, 59 %, 9 %
2025/07/30 17:39:34.963, 78.13 W, 57, 58 %, 9 %
2025/07/30 17:39:35.966, 76.90 W, 58, 59 %, 9 %
2025/07/30 17:39:36.969, 77.80 W, 57, 59 %, 9 %
2025/07/30 17:39:37.973, 76.12 W, 57, 59 %, 9 %
2025/07/30 17:39:38.977, 77.14 W, 57, 59 %, 9 %
2025/07/30 17:39:39.981, 78.10 W, 57, 40 %, 6 %
2025/07/30 17:39:40.984, 75.66 W, 57, 58 %, 9 %
2025/07/30 17:39:41.987, 74.14 W, 57, 60 %, 9 %
2025/07/30 17:39:42.991, 68.95 W, 57, 59 %, 9 %
2025/07/30 17:39:43.995, 73.19 W, 57, 59 %, 9 %
2025/07/30 17:39:44.998, 75.62 W, 57, 59 %, 9 %
2025/07/30 17:39:46.001, 72.15 W, 58, 59 %, 9 %
2025/07/30 17:39:47.005, 74.88 W, 57, 59 %, 9 %
2025/07/30 17:39:48.008, 76.12 W, 57, 59 %, 9 %
2025/07/30 17:39:49.013, 71.46 W, 57, 58 %, 9 %
2025/07/30 17:39:50.017, 75.66 W, 57, 59 %, 9 %
2025/07/30 17:39:51.021, 76.90 W, 57, 60 %, 9 %
2025/07/30 17:39:52.024, 77.11 W, 57, 36 %, 6 %
2025/07/30 17:39:53.028, 77.64 W, 57, 58 %, 9 %
2025/07/30 17:39:54.031, 72.41 W, 57, 59 %, 9 %
2025/07/30 17:39:55.034, 76.90 W, 57, 58 %, 9 %
2025/07/30 17:39:56.037, 75.66 W, 57, 58 %, 9 %
2025/07/30 17:39:57.043, 73.40 W, 58, 58 %, 9 %
2025/07/30 17:39:58.047, 71.15 W, 57, 57 %, 9 %
2025/07/30 17:39:59.050, 77.84 W, 57, 54 %, 8 %
2025/07/30 17:40:00.053, 77.56 W, 57, 55 %, 9 %
2025/07/30 17:40:01.057, 70.68 W, 57, 52 %, 8 %
2025/07/30 17:40:02.061, 68.75 W, 57, 55 %, 8 %
2025/07/30 17:40:03.064, 74.38 W, 57, 54 %, 8 %
2025/07/30 17:40:04.068, 62.80 W, 57, 40 %, 9 %
2025/07/30 17:40:05.071, 70.94 W, 57, 59 %, 9 %
2025/07/30 17:40:06.074, 74.88 W, 57, 58 %, 9 %
2025/07/30 17:40:07.079, 76.16 W, 58, 60 %, 9 %
2025/07/30 17:40:08.082, 73.15 W, 57, 57 %, 9 %
2025/07/30 17:40:09.085, 77.11 W, 57, 58 %, 9 %
2025/07/30 17:40:10.089, 74.64 W, 57, 57 %, 9 %
2025/07/30 17:40:11.092, 76.37 W, 58, 58 %, 9 %
2025/07/30 17:40:12.095, 74.39 W, 57, 57 %, 9 %
2025/07/30 17:40:13.098, 71.10 W, 58, 59 %, 9 %
2025/07/30 17:40:14.101, 69.65 W, 58, 58 %, 9 %
2025/07/30 17:40:15.105, 73.80 W, 57, 59 %, 9 %
2025/07/30 17:40:16.110, 67.17 W, 57, 31 %, 6 %
2025/07/30 17:40:17.113, 78.98 W, 57, 59 %, 9 %
2025/07/30 17:40:18.116, 72.55 W, 57, 56 %, 9 %
2025/07/30 17:40:19.120, 76.72 W, 57, 58 %, 9 %
2025/07/30 17:40:20.123, 78.33 W, 57, 58 %, 9 %
2025/07/30 17:40:21.128, 80.41 W, 58, 59 %, 9 %
2025/07/30 17:40:22.131, 77.04 W, 57, 58 %, 9 %
2025/07/30 17:40:23.134, 77.21 W, 57, 58 %, 9 %
2025/07/30 17:40:24.138, 76.72 W, 57, 56 %, 9 %
2025/07/30 17:40:25.141, 78.24 W, 58, 58 %, 9 %
2025/07/30 17:40:26.146, 78.76 W, 58, 59 %, 9 %
2025/07/30 17:40:27.149, 74.64 W, 57, 58 %, 9 %
2025/07/30 17:40:28.153, 47.78 W, 57, 58 %, 9 %
2025/07/30 17:40:29.156, 75.41 W, 57, 45 %, 7 %
2025/07/30 17:40:30.159, 73.39 W, 57, 59 %, 9 %
2025/07/30 17:40:31.164, 75.62 W, 57, 59 %, 9 %
2025/07/30 17:40:32.167, 78.88 W, 58, 59 %, 9 %
2025/07/30 17:40:33.171, 71.21 W, 58, 60 %, 9 %
2025/07/30 17:40:34.175, 74.67 W, 57, 55 %, 9 %
2025/07/30 17:40:35.178, 74.43 W, 57, 54 %, 8 %
2025/07/30 17:40:36.181, 69.23 W, 57, 56 %, 9 %
2025/07/30 17:40:37.185, 68.00 W, 57, 53 %, 8 %
2025/07/30 17:40:38.188, 65.49 W, 57, 54 %, 9 %
2025/07/30 17:40:39.192, 71.67 W, 57, 54 %, 8 %
2025/07/30 17:40:40.196, 74.67 W, 57, 58 %, 9 %
2025/07/30 17:40:41.199, 67.25 W, 57, 40 %, 9 %
2025/07/30 17:40:42.203, 76.45 W, 57, 59 %, 9 %
2025/07/30 17:40:43.206, 76.12 W, 57, 59 %, 9 %
2025/07/30 17:40:44.209, 73.14 W, 57, 58 %, 9 %
2025/07/30 17:40:45.214, 74.68 W, 57, 59 %, 9 %
2025/07/30 17:40:46.217, 71.67 W, 57, 59 %, 9 %
2025/07/30 17:40:47.220, 75.17 W, 58, 59 %, 9 %
2025/07/30 17:40:48.223, 73.93 W, 57, 57 %, 9 %
2025/07/30 17:40:49.226, 76.78 W, 57, 58 %, 9 %
2025/07/30 17:40:50.231, 76.86 W, 58, 58 %, 9 %
2025/07/30 17:40:51.235, 76.40 W, 57, 58 %, 9 %
2025/07/30 17:40:52.238, 77.64 W, 57, 58 %, 9 %
2025/07/30 17:40:53.241, 68.00 W, 57, 40 %, 9 %
2025/07/30 17:40:54.244, 74.62 W, 57, 59 %, 9 %
2025/07/30 17:40:55.251, 78.08 W, 57, 59 %, 9 %
2025/07/30 17:40:56.254, 80.32 W, 57, 59 %, 9 %
2025/07/30 17:40:57.258, 71.67 W, 57, 59 %, 9 %
2025/07/30 17:40:58.261, 77.11 W, 57, 55 %, 9 %
2025/07/30 17:40:59.264, 74.13 W, 58, 59 %, 9 %
2025/07/30 17:41:00.267, 78.79 W, 58, 59 %, 9 %
2025/07/30 17:41:01.271, 75.87 W, 58, 60 %, 9 %
2025/07/30 17:41:02.274, 76.61 W, 58, 59 %, 9 %
2025/07/30 17:41:03.277, 75.38 W, 57, 60 %, 9 %
2025/07/30 17:41:04.280, 73.40 W, 57, 60 %, 9 %
2025/07/30 17:41:05.284, 66.52 W, 57, 41 %, 9 %
2025/07/30 17:41:06.287, 75.12 W, 57, 59 %, 9 %
2025/07/30 17:41:07.290, 75.87 W, 57, 60 %, 9 %
2025/07/30 17:41:08.293, 74.14 W, 57, 54 %, 8 %
2025/07/30 17:41:09.298, 77.85 W, 58, 60 %, 9 %
2025/07/30 17:41:10.302, 70.47 W, 57, 57 %, 9 %
2025/07/30 17:41:11.305, 73.12 W, 58, 54 %, 9 %
2025/07/30 17:41:12.308, 78.38 W, 57, 56 %, 9 %
2025/07/30 17:41:13.311, 74.68 W, 57, 56 %, 9 %
2025/07/30 17:41:14.316, 72.20 W, 57, 55 %, 9 %
2025/07/30 17:41:15.320, 74.88 W, 57, 55 %, 9 %
2025/07/30 17:41:16.323, 74.17 W, 57, 59 %, 9 %
2025/07/30 17:41:17.326, 61.35 W, 57, 59 %, 9 %
2025/07/30 17:41:18.329, 77.64 W, 57, 52 %, 8 %
2025/07/30 17:41:19.333, 71.18 W, 57, 58 %, 9 %
2025/07/30 17:41:20.336, 77.56 W, 57, 59 %, 9 %
2025/07/30 17:41:21.340, 77.11 W, 57, 59 %, 9 %
2025/07/30 17:41:22.347, 75.91 W, 58, 58 %, 9 %
2025/07/30 17:41:23.350, 72.41 W, 57, 58 %, 9 %
2025/07/30 17:41:24.354, 74.64 W, 58, 58 %, 9 %
2025/07/30 17:41:25.357, 77.81 W, 58, 59 %, 9 %
2025/07/30 17:41:26.360, 73.93 W, 58, 59 %, 9 %
2025/07/30 17:41:27.365, 79.37 W, 58, 59 %, 9 %
2025/07/30 17:41:28.368, 79.12 W, 58, 55 %, 9 %
2025/07/30 17:41:29.371, 63.55 W, 58, 59 %, 9 %
2025/07/30 17:41:30.375, 74.39 W, 57, 40 %, 6 %
2025/07/30 17:41:31.378, 74.67 W, 58, 60 %, 9 %
2025/07/30 17:41:32.383, 77.06 W, 57, 59 %, 9 %
2025/07/30 17:41:33.386, 76.61 W, 57, 59 %, 9 %
2025/07/30 17:41:34.390, 77.36 W, 58, 59 %, 9 %
2025/07/30 17:41:35.393, 69.74 W, 58, 60 %, 9 %
2025/07/30 17:41:36.396, 75.13 W, 58, 59 %, 9 %
2025/07/30 17:41:37.401, 77.06 W, 58, 58 %, 9 %
2025/07/30 17:41:38.404, 75.59 W, 58, 53 %, 8 %
2025/07/30 17:41:39.408, 78.59 W, 58, 60 %, 9 %
2025/07/30 17:41:40.411, 73.19 W, 57, 59 %, 9 %
2025/07/30 17:41:41.414, 74.39 W, 58, 59 %, 9 %
2025/07/30 17:41:42.417, 70.72 W, 58, 32 %, 6 %
2025/07/30 17:41:43.421, 78.34 W, 58, 59 %, 9 %
2025/07/30 17:41:44.424, 76.40 W, 58, 59 %, 9 %
2025/07/30 17:41:45.427, 78.63 W, 58, 59 %, 9 %
2025/07/30 17:41:46.432, 72.17 W, 58, 55 %, 9 %
2025/07/30 17:41:47.435, 72.45 W, 58, 56 %, 9 %
2025/07/30 17:41:48.439, 75.13 W, 58, 50 %, 8 %
2025/07/30 17:41:49.442, 74.67 W, 58, 56 %, 9 %
2025/07/30 17:41:50.446, 72.45 W, 58, 55 %, 9 %
2025/07/30 17:41:51.450, 72.66 W, 58, 59 %, 9 %
2025/07/30 17:41:52.453, 75.34 W, 58, 59 %, 9 %
2025/07/30 17:41:53.457, 77.11 W, 58, 59 %, 9 %
2025/07/30 17:41:54.460, 65.29 W, 57, 39 %, 9 %
2025/07/30 17:41:55.463, 73.36 W, 57, 59 %, 9 %
2025/07/30 17:41:56.468, 78.59 W, 57, 58 %, 9 %
2025/07/30 17:41:57.472, 77.60 W, 57, 58 %, 9 %
2025/07/30 17:41:58.475, 71.95 W, 58, 57 %, 9 %
2025/07/30 17:41:59.478, 77.60 W, 58, 58 %, 9 %
2025/07/30 17:42:00.482, 75.62 W, 58, 59 %, 9 %
2025/07/30 17:42:01.487, 73.65 W, 58, 59 %, 9 %
2025/07/30 17:42:02.490, 77.11 W, 58, 59 %, 9 %
2025/07/30 17:42:03.494, 74.88 W, 58, 59 %, 9 %
2025/07/30 17:42:04.497, 78.34 W, 58, 59 %, 9 %
2025/07/30 17:42:05.500, 77.11 W, 58, 59 %, 9 %
2025/07/30 17:42:06.503, 67.30 W, 57, 39 %, 9 %
2025/07/30 17:42:07.507, 73.88 W, 57, 59 %, 9 %
2025/07/30 17:42:08.510, 78.63 W, 58, 59 %, 9 %
2025/07/30 17:42:09.513, 75.86 W, 57, 59 %, 9 %
2025/07/30 17:42:10.517, 72.91 W, 58, 59 %, 9 %
2025/07/30 17:42:11.521, 74.88 W, 58, 59 %, 9 %
2025/07/30 17:42:12.524, 75.61 W, 58, 59 %, 9 %
2025/07/30 17:42:13.527, 75.14 W, 57, 59 %, 9 %
2025/07/30 17:42:14.530, 78.38 W, 58, 59 %, 9 %
2025/07/30 17:42:15.535, 76.16 W, 58, 60 %, 9 %
2025/07/30 17:42:16.538, 76.86 W, 58, 59 %, 9 %
2025/07/30 17:42:17.542, 74.14 W, 58, 59 %, 9 %
2025/07/30 17:42:18.545, 65.28 W, 57, 39 %, 9 %
2025/07/30 17:42:19.548, 75.41 W, 57, 59 %, 9 %
2025/07/30 17:42:20.553, 72.94 W, 57, 59 %, 9 %
2025/07/30 17:42:21.556, 70.19 W, 58, 56 %, 9 %
2025/07/30 17:42:22.560, 74.43 W, 57, 55 %, 9 %
2025/07/30 17:42:23.563, 73.19 W, 57, 56 %, 9 %
2025/07/30 17:42:24.567, 73.65 W, 57, 54 %, 8 %
2025/07/30 17:42:25.570, 73.15 W, 57, 55 %, 9 %
2025/07/30 17:42:26.574, 67.78 W, 57, 55 %, 9 %
2025/07/30 17:42:27.577, 80.82 W, 58, 59 %, 9 %
2025/07/30 17:42:28.580, 78.34 W, 57, 60 %, 9 %
2025/07/30 17:42:29.584, 73.40 W, 58, 60 %, 9 %
2025/07/30 17:42:30.588, 67.01 W, 58, 59 %, 9 %
2025/07/30 17:42:31.591, 79.34 W, 57, 57 %, 9 %
2025/07/30 17:42:32.594, 76.86 W, 58, 58 %, 9 %
2025/07/30 17:42:33.597, 74.92 W, 58, 59 %, 9 %
2025/07/30 17:42:34.602, 73.65 W, 57, 59 %, 9 %
2025/07/30 17:42:35.605, 72.89 W, 58, 59 %, 9 %
2025/07/30 17:42:36.609, 78.10 W, 58, 59 %, 9 %
2025/07/30 17:42:37.613, 78.34 W, 58, 59 %, 9 %
2025/07/30 17:42:38.616, 75.91 W, 58, 59 %, 9 %
2025/07/30 17:42:39.621, 73.17 W, 58, 56 %, 9 %
2025/07/30 17:42:40.624, 78.34 W, 58, 59 %, 9 %
2025/07/30 17:42:41.627, 73.65 W, 58, 59 %, 9 %
2025/07/30 17:42:42.631, 47.53 W, 58, 59 %, 9 %
2025/07/30 17:42:43.634, 73.15 W, 57, 36 %, 6 %
2025/07/30 17:42:44.639, 74.88 W, 57, 58 %, 9 %
2025/07/30 17:42:45.642, 78.38 W, 58, 58 %, 9 %
2025/07/30 17:42:46.645, 78.84 W, 58, 60 %, 9 %
2025/07/30 17:42:47.648, 76.16 W, 58, 59 %, 9 %
2025/07/30 17:42:48.652, 73.85 W, 58, 58 %, 9 %
2025/07/30 17:42:49.655, 81.31 W, 58, 59 %, 9 %
2025/07/30 17:42:50.659, 76.16 W, 58, 59 %, 9 %
2025/07/30 17:42:51.662, 77.36 W, 58, 59 %, 9 %
2025/07/30 17:42:52.668, 80.07 W, 58, 59 %, 9 %
2025/07/30 17:42:53.671, 81.60 W, 58, 59 %, 9 %
2025/07/30 17:42:54.675, 73.43 W, 58, 59 %, 9 %
2025/07/30 17:42:55.678, 80.36 W, 57, 26 %, 5 %
2025/07/30 17:42:56.681, 70.68 W, 58, 59 %, 9 %
2025/07/30 17:42:57.686, 72.91 W, 58, 56 %, 9 %
2025/07/30 17:42:58.690, 75.59 W, 58, 57 %, 9 %
2025/07/30 17:42:59.693, 72.20 W, 58, 55 %, 9 %
2025/07/30 17:43:00.696, 77.11 W, 58, 56 %, 9 %
2025/07/30 17:43:01.700, 75.62 W, 58, 55 %, 9 %
2025/07/30 17:43:02.704, 74.67 W, 58, 57 %, 9 %
2025/07/30 17:43:03.708, 77.39 W, 58, 59 %, 9 %
2025/07/30 17:43:04.711, 77.14 W, 58, 60 %, 9 %
2025/07/30 17:43:05.714, 77.60 W, 58, 59 %, 9 %
2025/07/30 17:43:06.718, 73.86 W, 58, 59 %, 9 %
2025/07/30 17:43:07.723, 66.02 W, 57, 39 %, 9 %
2025/07/30 17:43:08.726, 78.06 W, 58, 59 %, 9 %
2025/07/30 17:43:09.731, 75.09 W, 58, 58 %, 9 %
2025/07/30 17:43:10.734, 75.62 W, 58, 59 %, 9 %
2025/07/30 17:43:11.737, 78.58 W, 58, 59 %, 9 %
2025/07/30 17:43:12.740, 79.37 W, 58, 59 %, 9 %
2025/07/30 17:43:13.744, 74.88 W, 58, 59 %, 9 %
2025/07/30 17:43:14.747, 76.58 W, 58, 59 %, 9 %
2025/07/30 17:43:15.750, 70.47 W, 58, 59 %, 9 %
2025/07/30 17:43:16.754, 74.88 W, 58, 59 %, 9 %
2025/07/30 17:43:17.757, 74.14 W, 58, 59 %, 9 %
2025/07/30 17:43:18.761, 75.91 W, 58, 59 %, 9 %
2025/07/30 17:43:19.764, 65.04 W, 57, 38 %, 9 %
2025/07/30 17:43:20.767, 72.92 W, 58, 58 %, 9 %
2025/07/30 17:43:21.773, 72.66 W, 58, 58 %, 9 %
2025/07/30 17:43:22.776, 74.43 W, 57, 58 %, 9 %
2025/07/30 17:43:23.780, 72.67 W, 58, 58 %, 9 %
2025/07/30 17:43:24.783, 74.64 W, 58, 58 %, 9 %
2025/07/30 17:43:25.787, 74.67 W, 58, 58 %, 9 %
2025/07/30 17:43:26.790, 75.41 W, 58, 58 %, 9 %
2025/07/30 17:43:27.793, 77.59 W, 58, 59 %, 9 %
2025/07/30 17:43:28.797, 78.59 W, 58, 58 %, 9 %
2025/07/30 17:43:29.800, 79.33 W, 58, 58 %, 9 %
2025/07/30 17:43:30.804, 80.36 W, 58, 59 %, 9 %
2025/07/30 17:43:31.810, 63.55 W, 57, 46 %, 7 %
2025/07/30 17:43:32.813, 75.58 W, 57, 53 %, 8 %
2025/07/30 17:43:33.817, 73.68 W, 57, 54 %, 8 %
2025/07/30 17:43:34.820, 75.62 W, 58, 52 %, 8 %
2025/07/30 17:43:35.823, 73.44 W, 57, 55 %, 9 %
2025/07/30 17:43:36.826, 72.69 W, 58, 56 %, 9 %
2025/07/30 17:43:37.830, 76.37 W, 58, 54 %, 8 %
2025/07/30 17:43:38.833, 69.69 W, 58, 59 %, 9 %
2025/07/30 17:43:39.839, 78.55 W, 58, 59 %, 9 %
2025/07/30 17:43:40.842, 74.18 W, 58, 59 %, 9 %
2025/07/30 17:43:41.846, 76.37 W, 58, 59 %, 9 %
2025/07/30 17:43:42.849, 76.86 W, 58, 58 %, 9 %
2025/07/30 17:43:43.852, 76.40 W, 58, 59 %, 9 %
2025/07/30 17:43:44.857, 47.28 W, 57, 34 %, 8 %
2025/07/30 17:43:45.861, 76.08 W, 58, 59 %, 9 %
2025/07/30 17:43:46.864, 75.38 W, 58, 60 %, 9 %
2025/07/30 17:43:47.867, 76.11 W, 58, 59 %, 9 %
2025/07/30 17:43:48.871, 74.92 W, 58, 59 %, 9 %
2025/07/30 17:43:49.875, 76.86 W, 58, 59 %, 9 %
2025/07/30 17:43:50.879, 78.75 W, 58, 59 %, 9 %
2025/07/30 17:43:51.882, 73.89 W, 58, 58 %, 9 %
2025/07/30 17:43:52.885, 77.11 W, 58, 59 %, 9 %
2025/07/30 17:43:53.888, 79.37 W, 58, 59 %, 9 %
2025/07/30 17:43:54.892, 76.37 W, 58, 59 %, 9 %
2025/07/30 17:43:55.896, 77.11 W, 58, 59 %, 9 %
2025/07/30 17:43:56.899, 63.55 W, 57, 40 %, 9 %
2025/07/30 17:43:57.903, 79.33 W, 58, 58 %, 9 %
2025/07/30 17:43:58.906, 74.14 W, 58, 59 %, 9 %
2025/07/30 17:43:59.909, 75.62 W, 58, 59 %, 9 %
2025/07/30 17:44:00.913, 77.11 W, 58, 59 %, 9 %
2025/07/30 17:44:01.916, 76.12 W, 58, 58 %, 9 %
2025/07/30 17:44:02.919, 72.94 W, 58, 59 %, 9 %
2025/07/30 17:44:03.924, 77.14 W, 58, 59 %, 9 %
2025/07/30 17:44:04.927, 77.64 W, 58, 59 %, 9 %
2025/07/30 17:44:05.931, 76.37 W, 58, 58 %, 9 %
2025/07/30 17:44:06.934, 76.12 W, 58, 59 %, 9 %
2025/07/30 17:44:07.938, 75.35 W, 58, 59 %, 9 %
2025/07/30 17:44:08.942, 67.54 W, 57, 39 %, 9 %
2025/07/30 17:44:09.945, 72.41 W, 58, 56 %, 9 %
2025/07/30 17:44:10.949, 76.86 W, 58, 55 %, 9 %
2025/07/30 17:44:11.952, 72.45 W, 58, 56 %, 9 %
2025/07/30 17:44:12.955, 78.79 W, 58, 55 %, 9 %
2025/07/30 17:44:13.960, 74.64 W, 58, 55 %, 9 %
2025/07/30 17:44:14.964, 77.07 W, 58, 59 %, 9 %
2025/07/30 17:44:15.967, 75.38 W, 58, 59 %, 9 %
2025/07/30 17:44:16.970, 79.29 W, 58, 59 %, 9 %
2025/07/30 17:44:17.974, 76.90 W, 58, 59 %, 9 %
2025/07/30 17:44:18.977, 73.89 W, 58, 59 %, 9 %
2025/07/30 17:44:19.980, 76.58 W, 58, 58 %, 9 %
2025/07/30 17:44:20.983, 64.79 W, 58, 39 %, 9 %
2025/07/30 17:44:21.987, 73.93 W, 58, 59 %, 9 %
2025/07/30 17:44:22.990, 73.89 W, 58, 58 %, 9 %
2025/07/30 17:44:23.993, 79.08 W, 58, 58 %, 9 %
2025/07/30 17:44:24.997, 72.66 W, 58, 59 %, 9 %
2025/07/30 17:44:26.000, 78.34 W, 58, 59 %, 9 %
2025/07/30 17:44:27.003, 75.40 W, 58, 58 %, 9 %
2025/07/30 17:44:28.008, 69.48 W, 58, 57 %, 9 %
2025/07/30 17:44:29.012, 74.92 W, 58, 59 %, 9 %
2025/07/30 17:44:30.015, 74.38 W, 58, 59 %, 9 %
2025/07/30 17:44:31.018, 73.40 W, 58, 59 %, 9 %
2025/07/30 17:44:32.022, 71.71 W, 58, 59 %, 9 %
2025/07/30 17:44:33.026, 68.00 W, 58, 31 %, 6 %
2025/07/30 17:44:34.030, 75.17 W, 58, 59 %, 9 %
2025/07/30 17:44:35.033, 69.94 W, 58, 59 %, 9 %
2025/07/30 17:44:36.036, 75.91 W, 58, 58 %, 9 %
2025/07/30 17:44:37.039, 76.13 W, 58, 60 %, 9 %
2025/07/30 17:44:38.045, 76.57 W, 58, 59 %, 9 %
2025/07/30 17:44:39.048, 71.95 W, 58, 60 %, 9 %
2025/07/30 17:44:40.052, 77.14 W, 58, 60 %, 9 %
2025/07/30 17:44:41.055, 79.58 W, 58, 59 %, 9 %
2025/07/30 17:44:42.058, 75.13 W, 58, 59 %, 9 %
2025/07/30 17:44:43.061, 73.89 W, 58, 59 %, 9 %
2025/07/30 17:44:44.065, 71.92 W, 58, 59 %, 9 %
2025/07/30 17:44:45.068, 63.30 W, 58, 33 %, 6 %
2025/07/30 17:44:46.071, 76.90 W, 58, 54 %, 8 %
2025/07/30 17:44:47.075, 71.95 W, 58, 56 %, 9 %
2025/07/30 17:44:48.078, 69.95 W, 58, 54 %, 8 %
2025/07/30 17:44:49.082, 78.13 W, 58, 56 %, 9 %
2025/07/30 17:44:50.086, 73.65 W, 58, 57 %, 9 %
2025/07/30 17:44:51.090, 78.08 W, 58, 57 %, 9 %
2025/07/30 17:44:52.093, 74.60 W, 58, 59 %, 9 %
2025/07/30 17:44:53.096, 72.69 W, 58, 59 %, 9 %
2025/07/30 17:44:54.100, 77.64 W, 58, 58 %, 9 %
2025/07/30 17:44:55.104, 78.84 W, 58, 58 %, 9 %
2025/07/30 17:44:56.107, 74.39 W, 58, 59 %, 9 %
2025/07/30 17:44:57.111, 79.08 W, 58, 59 %, 9 %
2025/07/30 17:44:58.115, 66.02 W, 57, 37 %, 8 %
2025/07/30 17:44:59.118, 77.36 W, 58, 59 %, 9 %
2025/07/30 17:45:00.122, 77.11 W, 58, 59 %, 9 %
2025/07/30 17:45:01.125, 74.67 W, 58, 59 %, 9 %
2025/07/30 17:45:02.128, 77.85 W, 58, 59 %, 9 %
2025/07/30 17:45:03.131, 76.65 W, 58, 59 %, 9 %
2025/07/30 17:45:04.135, 73.88 W, 58, 58 %, 9 %
2025/07/30 17:45:05.138, 75.62 W, 58, 60 %, 9 %
2025/07/30 17:45:06.142, 77.89 W, 58, 60 %, 9 %
2025/07/30 17:45:07.145, 76.16 W, 58, 59 %, 9 %
2025/07/30 17:45:08.148, 76.61 W, 58, 58 %, 9 %
2025/07/30 17:45:09.151, 75.62 W, 58, 59 %, 9 %
2025/07/30 17:45:10.155, 66.02 W, 57, 40 %, 9 %
2025/07/30 17:45:11.160, 72.17 W, 58, 59 %, 9 %
2025/07/30 17:45:12.163, 78.10 W, 58, 60 %, 9 %
2025/07/30 17:45:13.166, 79.04 W, 58, 59 %, 9 %
2025/07/30 17:45:14.169, 76.40 W, 58, 59 %, 9 %
2025/07/30 17:45:15.173, 73.15 W, 58, 60 %, 9 %
2025/07/30 17:45:16.178, 79.50 W, 58, 58 %, 9 %
2025/07/30 17:45:17.181, 75.14 W, 58, 59 %, 9 %
2025/07/30 17:45:18.185, 71.18 W, 58, 57 %, 9 %
2025/07/30 17:45:19.188, 76.86 W, 58, 59 %, 9 %
2025/07/30 17:45:20.192, 77.60 W, 58, 59 %, 9 %
2025/07/30 17:45:21.196, 75.62 W, 58, 55 %, 9 %
2025/07/30 17:45:22.200, 64.29 W, 57, 36 %, 8 %
2025/07/30 17:45:23.203, 74.43 W, 58, 55 %, 9 %
2025/07/30 17:45:24.206, 76.86 W, 58, 55 %, 9 %
2025/07/30 17:45:25.210, 76.90 W, 58, 56 %, 9 %
2025/07/30 17:45:26.213, 73.40 W, 58, 55 %, 9 %
2025/07/30 17:45:27.217, 76.37 W, 58, 59 %, 9 %
2025/07/30 17:45:28.220, 76.37 W, 58, 56 %, 9 %
2025/07/30 17:45:29.223, 76.40 W, 58, 58 %, 9 %
2025/07/30 17:45:30.227, 73.65 W, 58, 59 %, 9 %
2025/07/30 17:45:31.231, 76.90 W, 58, 59 %, 9 %
2025/07/30 17:45:32.234, 80.07 W, 58, 58 %, 9 %
2025/07/30 17:45:33.237, 78.34 W, 58, 59 %, 9 %
2025/07/30 17:45:34.240, 63.80 W, 58, 29 %, 6 %
2025/07/30 17:45:35.245, 76.86 W, 58, 59 %, 9 %
2025/07/30 17:45:36.248, 79.36 W, 58, 59 %, 9 %
2025/07/30 17:45:37.252, 74.43 W, 58, 60 %, 9 %
2025/07/30 17:45:38.255, 74.14 W, 58, 54 %, 8 %
2025/07/30 17:45:39.258, 78.88 W, 58, 59 %, 9 %
2025/07/30 17:45:40.263, 77.06 W, 58, 58 %, 9 %
2025/07/30 17:45:41.266, 76.16 W, 58, 59 %, 9 %
2025/07/30 17:45:42.270, 76.16 W, 58, 59 %, 9 %
2025/07/30 17:45:43.273, 77.39 W, 58, 59 %, 9 %
2025/07/30 17:45:44.276, 78.10 W, 58, 59 %, 9 %
2025/07/30 17:45:45.279, 75.17 W, 58, 59 %, 9 %
2025/07/30 17:45:46.282, 68.01 W, 57, 36 %, 6 %
2025/07/30 17:45:47.286, 72.89 W, 57, 58 %, 9 %
2025/07/30 17:45:48.289, 75.64 W, 58, 54 %, 8 %
2025/07/30 17:45:49.294, 76.08 W, 58, 58 %, 9 %
2025/07/30 17:45:50.297, 74.14 W, 58, 59 %, 9 %
2025/07/30 17:45:51.301, 75.87 W, 58, 59 %, 9 %
2025/07/30 17:45:52.304, 73.12 W, 58, 59 %, 9 %
2025/07/30 17:45:53.307, 79.74 W, 58, 59 %, 9 %
2025/07/30 17:45:54.312, 71.46 W, 58, 59 %, 9 %
2025/07/30 17:45:55.316, 74.67 W, 58, 59 %, 9 %
2025/07/30 17:45:56.319, 75.38 W, 58, 58 %, 9 %
2025/07/30 17:45:57.322, 77.39 W, 58, 56 %, 9 %
2025/07/30 17:45:58.325, 75.59 W, 58, 47 %, 7 %
2025/07/30 17:45:59.331, 71.92 W, 57, 29 %, 5 %
2025/07/30 17:46:00.335, 74.14 W, 57, 55 %, 9 %
2025/07/30 17:46:01.339, 74.42 W, 57, 52 %, 8 %
2025/07/30 17:46:02.342, 70.22 W, 58, 53 %, 8 %
2025/07/30 17:46:03.345, 75.41 W, 58, 58 %, 9 %
2025/07/30 17:46:04.349, 73.65 W, 58, 56 %, 9 %
2025/07/30 17:46:05.352, 74.40 W, 58, 57 %, 9 %
2025/07/30 17:46:06.356, 74.43 W, 58, 58 %, 9 %
2025/07/30 17:46:07.359, 74.39 W, 58, 57 %, 9 %
2025/07/30 17:46:08.362, 75.91 W, 57, 52 %, 8 %
2025/07/30 17:46:09.365, 69.23 W, 58, 56 %, 9 %
2025/07/30 17:46:10.369, 74.92 W, 58, 57 %, 9 %
2025/07/30 17:46:11.372, 66.93 W, 58, 35 %, 8 %
2025/07/30 17:46:12.375, 74.05 W, 58, 58 %, 9 %
2025/07/30 17:46:13.381, 78.13 W, 58, 59 %, 9 %
2025/07/30 17:46:14.385, 77.74 W, 58, 59 %, 9 %
2025/07/30 17:46:15.388, 77.79 W, 58, 59 %, 9 %
2025/07/30 17:46:16.392, 75.97 W, 58, 58 %, 9 %
2025/07/30 17:46:17.395, 78.00 W, 58, 59 %, 9 %
2025/07/30 17:46:18.399, 71.42 W, 58, 56 %, 9 %
2025/07/30 17:46:19.402, 74.28 W, 58, 59 %, 9 %
2025/07/30 17:46:20.406, 78.28 W, 58, 59 %, 9 %
2025/07/30 17:46:21.409, 77.00 W, 58, 59 %, 9 %
2025/07/30 17:46:22.412, 74.05 W, 58, 59 %, 9 %
2025/07/30 17:46:23.418, 67.71 W, 58, 38 %, 6 %
2025/07/30 17:46:24.421, 78.33 W, 58, 59 %, 9 %
2025/07/30 17:46:25.425, 72.85 W, 58, 59 %, 9 %
2025/07/30 17:46:26.428, 78.48 W, 58, 58 %, 9 %
2025/07/30 17:46:27.431, 79.89 W, 58, 60 %, 9 %
2025/07/30 17:46:28.436, 79.18 W, 58, 58 %, 9 %
2025/07/30 17:46:29.439, 72.17 W, 58, 59 %, 9 %
2025/07/30 17:46:30.443, 76.72 W, 58, 59 %, 9 %
2025/07/30 17:46:31.446, 77.04 W, 58, 60 %, 9 %
2025/07/30 17:46:32.449, 70.84 W, 58, 59 %, 9 %
2025/07/30 17:46:33.452, 69.64 W, 58, 55 %, 9 %
2025/07/30 17:46:34.456, 75.62 W, 58, 55 %, 9 %
2025/07/30 17:46:35.459, 76.96 W, 58, 55 %, 9 %
2025/07/30 17:46:36.462, 70.34 W, 57, 25 %, 5 %
2025/07/30 17:46:37.467, 67.43 W, 58, 55 %, 8 %
2025/07/30 17:46:38.470, 71.79 W, 58, 57 %, 9 %
2025/07/30 17:46:39.473, 75.98 W, 58, 59 %, 9 %
2025/07/30 17:46:40.476, 70.68 W, 58, 59 %, 9 %
2025/07/30 17:46:41.480, 76.99 W, 58, 59 %, 9 %
2025/07/30 17:46:42.484, 79.96 W, 58, 59 %, 9 %
2025/07/30 17:46:43.488, 78.00 W, 58, 59 %, 9 %
2025/07/30 17:46:44.491, 77.50 W, 58, 58 %, 9 %
2025/07/30 17:46:45.495, 76.82 W, 58, 59 %, 9 %
2025/07/30 17:46:46.498, 75.28 W, 58, 59 %, 9 %
2025/07/30 17:46:47.502, 75.27 W, 58, 58 %, 9 %
2025/07/30 17:46:48.506, 67.66 W, 57, 39 %, 9 %
2025/07/30 17:46:49.509, 76.27 W, 57, 58 %, 9 %
2025/07/30 17:46:50.512, 75.81 W, 58, 59 %, 9 %
2025/07/30 17:46:51.516, 79.53 W, 58, 58 %, 9 %
2025/07/30 17:46:52.520, 78.93 W, 58, 58 %, 9 %
2025/07/30 17:46:53.524, 76.86 W, 58, 58 %, 9 %
2025/07/30 17:46:54.527, 77.59 W, 58, 59 %, 9 %
2025/07/30 17:46:55.534, 78.38 W, 58, 58 %, 9 %
2025/07/30 17:46:56.538, 77.85 W, 58, 59 %, 9 %
2025/07/30 17:46:57.542, 70.20 W, 58, 59 %, 9 %
2025/07/30 17:46:58.546, 73.15 W, 58, 59 %, 9 %
2025/07/30 17:46:59.552, 76.16 W, 58, 59 %, 9 %
2025/07/30 17:47:00.556, 65.77 W, 57, 40 %, 9 %
2025/07/30 17:47:01.559, 75.38 W, 58, 59 %, 9 %
2025/07/30 17:47:02.562, 76.12 W, 58, 59 %, 9 %
2025/07/30 17:47:03.565, 77.89 W, 58, 58 %, 9 %
2025/07/30 17:47:04.570, 72.69 W, 58, 59 %, 9 %
2025/07/30 17:47:05.573, 74.88 W, 58, 59 %, 9 %
2025/07/30 17:47:06.577, 75.87 W, 58, 58 %, 9 %
2025/07/30 17:47:07.580, 75.38 W, 58, 59 %, 9 %
2025/07/30 17:47:08.583, 76.65 W, 58, 59 %, 9 %
2025/07/30 17:47:09.588, 72.66 W, 58, 56 %, 9 %
2025/07/30 17:47:10.591, 78.34 W, 58, 56 %, 9 %
2025/07/30 17:47:11.595, 74.88 W, 58, 55 %, 9 %
2025/07/30 17:47:12.598, 66.51 W, 57, 27 %, 5 %
2025/07/30 17:47:13.601, 73.40 W, 57, 55 %, 9 %
2025/07/30 17:47:14.604, 73.40 W, 57, 54 %, 9 %
2025/07/30 17:47:15.608, 76.61 W, 58, 59 %, 9 %
2025/07/30 17:47:16.611, 76.65 W, 58, 59 %, 9 %
2025/07/30 17:47:17.614, 73.64 W, 58, 59 %, 9 %
2025/07/30 17:47:18.619, 73.93 W, 58, 59 %, 9 %
2025/07/30 17:47:19.622, 76.40 W, 58, 59 %, 9 %
2025/07/30 17:47:20.625, 77.81 W, 58, 59 %, 9 %
2025/07/30 17:47:21.629, 79.34 W, 58, 59 %, 9 %
2025/07/30 17:47:22.632, 76.90 W, 58, 59 %, 9 %
2025/07/30 17:47:23.637, 73.65 W, 58, 59 %, 9 %
2025/07/30 17:47:24.640, 79.08 W, 58, 59 %, 9 %
2025/07/30 17:47:25.644, 81.10 W, 58, 37 %, 6 %
2025/07/30 17:47:26.647, 72.44 W, 58, 59 %, 9 %
2025/07/30 17:47:27.650, 74.13 W, 58, 60 %, 9 %
2025/07/30 17:47:28.655, 77.85 W, 58, 58 %, 9 %
2025/07/30 17:47:29.659, 73.44 W, 58, 59 %, 9 %
2025/07/30 17:47:30.662, 79.86 W, 58, 58 %, 9 %
2025/07/30 17:47:31.666, 72.94 W, 58, 59 %, 9 %
2025/07/30 17:47:32.669, 81.31 W, 58, 59 %, 9 %
2025/07/30 17:47:33.674, 77.31 W, 58, 58 %, 9 %
2025/07/30 17:47:34.677, 76.60 W, 58, 58 %, 9 %
2025/07/30 17:47:35.680, 75.12 W, 58, 58 %, 9 %
2025/07/30 17:47:36.683, 71.67 W, 58, 58 %, 9 %
2025/07/30 17:47:37.687, 76.90 W, 57, 26 %, 6 %
2025/07/30 17:47:38.690, 77.82 W, 57, 58 %, 9 %
2025/07/30 17:47:39.693, 74.62 W, 58, 58 %, 9 %
2025/07/30 17:47:40.696, 74.18 W, 58, 60 %, 9 %
2025/07/30 17:47:41.700, 79.05 W, 58, 59 %, 9 %
2025/07/30 17:47:42.704, 76.90 W, 58, 59 %, 9 %
2025/07/30 17:47:43.707, 78.34 W, 58, 59 %, 9 %
2025/07/30 17:47:44.710, 74.39 W, 58, 60 %, 9 %
2025/07/30 17:47:45.713, 76.40 W, 58, 56 %, 9 %
2025/07/30 17:47:46.717, 76.35 W, 58, 56 %, 9 %
2025/07/30 17:47:47.722, 73.44 W, 58, 56 %, 9 %
2025/07/30 17:47:48.725, 72.41 W, 58, 55 %, 9 %
2025/07/30 17:47:49.729, 64.08 W, 57, 37 %, 8 %
2025/07/30 17:47:50.732, 71.43 W, 58, 57 %, 9 %
2025/07/30 17:47:51.736, 78.63 W, 58, 60 %, 9 %
2025/07/30 17:47:52.740, 79.12 W, 58, 59 %, 9 %
2025/07/30 17:47:53.743, 76.65 W, 58, 58 %, 9 %
2025/07/30 17:47:54.746, 77.39 W, 58, 58 %, 9 %
2025/07/30 17:47:55.750, 71.67 W, 58, 60 %, 9 %
2025/07/30 17:47:56.753, 70.93 W, 58, 58 %, 9 %
2025/07/30 17:47:57.759, 73.89 W, 58, 59 %, 9 %
2025/07/30 17:47:58.762, 76.58 W, 58, 59 %, 9 %
2025/07/30 17:47:59.765, 75.38 W, 58, 59 %, 9 %
2025/07/30 17:48:00.768, 75.62 W, 58, 60 %, 9 %
2025/07/30 17:48:01.772, 67.50 W, 58, 39 %, 9 %
2025/07/30 17:48:02.775, 69.23 W, 58, 59 %, 9 %
2025/07/30 17:48:03.778, 76.61 W, 58, 58 %, 9 %
2025/07/30 17:48:04.781, 77.85 W, 58, 59 %, 9 %
2025/07/30 17:48:05.785, 75.38 W, 58, 59 %, 9 %
2025/07/30 17:48:06.789, 76.61 W, 58, 59 %, 9 %
2025/07/30 17:48:07.792, 71.46 W, 58, 59 %, 9 %
2025/07/30 17:48:08.795, 74.87 W, 57, 59 %, 9 %
2025/07/30 17:48:09.799, 73.89 W, 58, 59 %, 9 %
2025/07/30 17:48:10.802, 76.40 W, 58, 59 %, 9 %
2025/07/30 17:48:11.807, 73.65 W, 58, 59 %, 9 %
2025/07/30 17:48:12.810, 74.85 W, 58, 59 %, 9 %
2025/07/30 17:48:13.813, 66.27 W, 57, 34 %, 8 %
2025/07/30 17:48:14.817, 74.88 W, 58, 59 %, 9 %
2025/07/30 17:48:15.820, 76.35 W, 58, 58 %, 9 %
2025/07/30 17:48:16.825, 76.61 W, 58, 59 %, 9 %
2025/07/30 17:48:17.828, 72.91 W, 58, 59 %, 9 %
2025/07/30 17:48:18.832, 73.65 W, 58, 59 %, 9 %
2025/07/30 17:48:19.835, 75.37 W, 58, 59 %, 9 %
2025/07/30 17:48:20.838, 72.41 W, 58, 58 %, 9 %
2025/07/30 17:48:21.841, 75.62 W, 58, 56 %, 9 %
2025/07/30 17:48:22.845, 74.67 W, 58, 55 %, 9 %
2025/07/30 17:48:23.848, 74.14 W, 58, 55 %, 9 %
2025/07/30 17:48:24.851, 77.60 W, 58, 55 %, 9 %
2025/07/30 17:48:25.856, 77.10 W, 58, 55 %, 9 %
2025/07/30 17:48:26.859, 71.42 W, 57, 23 %, 5 %
2025/07/30 17:48:27.862, 77.85 W, 58, 58 %, 9 %
2025/07/30 17:48:28.865, 79.08 W, 58, 59 %, 9 %
2025/07/30 17:48:29.869, 77.85 W, 58, 59 %, 9 %
2025/07/30 17:48:30.874, 69.73 W, 58, 58 %, 9 %
2025/07/30 17:48:31.877, 74.92 W, 58, 58 %, 9 %
2025/07/30 17:48:32.881, 72.69 W, 58, 58 %, 9 %
2025/07/30 17:48:33.884, 69.21 W, 58, 58 %, 9 %
2025/07/30 17:48:34.887, 70.68 W, 58, 58 %, 9 %
2025/07/30 17:48:35.892, 76.12 W, 58, 58 %, 9 %
2025/07/30 17:48:36.896, 70.22 W, 58, 58 %, 9 %
2025/07/30 17:48:37.900, 70.93 W, 58, 58 %, 9 %
2025/07/30 17:48:38.903, 67.78 W, 57, 38 %, 9 %
2025/07/30 17:48:39.906, 74.14 W, 57, 58 %, 9 %
2025/07/30 17:48:40.911, 77.80 W, 58, 58 %, 9 %
2025/07/30 17:48:41.914, 76.07 W, 58, 59 %, 9 %
2025/07/30 17:48:42.917, 72.41 W, 58, 58 %, 9 %
2025/07/30 17:48:43.920, 76.90 W, 58, 59 %, 9 %
2025/07/30 17:48:44.924, 77.85 W, 58, 59 %, 9 %
2025/07/30 17:48:45.927, 70.93 W, 58, 58 %, 9 %
2025/07/30 17:48:46.930, 72.91 W, 58, 58 %, 9 %
2025/07/30 17:48:47.933, 74.68 W, 58, 59 %, 9 %
2025/07/30 17:48:48.937, 78.84 W, 58, 59 %, 9 %
2025/07/30 17:48:49.941, 69.23 W, 58, 59 %, 9 %
2025/07/30 17:48:50.944, 67.75 W, 57, 39 %, 9 %
2025/07/30 17:48:51.948, 77.85 W, 58, 59 %, 9 %
2025/07/30 17:48:52.951, 74.89 W, 58, 59 %, 9 %
2025/07/30 17:48:53.954, 76.08 W, 58, 58 %, 9 %
2025/07/30 17:48:54.959, 75.13 W, 58, 59 %, 9 %
2025/07/30 17:48:55.962, 71.42 W, 58, 59 %, 9 %
2025/07/30 17:48:56.966, 77.39 W, 58, 59 %, 9 %
2025/07/30 17:48:57.969, 74.18 W, 58, 56 %, 9 %
2025/07/30 17:48:58.972, 74.87 W, 58, 56 %, 9 %
2025/07/30 17:48:59.976, 79.33 W, 58, 55 %, 9 %
2025/07/30 17:49:00.980, 74.39 W, 58, 56 %, 9 %
2025/07/30 17:49:01.983, 74.39 W, 58, 55 %, 9 %
2025/07/30 17:49:02.986, 66.06 W, 57, 54 %, 8 %
2025/07/30 17:49:03.990, 71.67 W, 57, 47 %, 7 %
2025/07/30 17:49:04.995, 78.55 W, 58, 59 %, 9 %
2025/07/30 17:49:05.999, 75.41 W, 58, 59 %, 9 %
2025/07/30 17:49:07.002, 73.15 W, 58, 59 %, 9 %
2025/07/30 17:49:08.005, 79.62 W, 58, 59 %, 9 %
2025/07/30 17:49:09.008, 74.91 W, 58, 60 %, 9 %
2025/07/30 17:49:10.011, 71.92 W, 58, 59 %, 9 %
2025/07/30 17:49:11.015, 76.90 W, 58, 58 %, 9 %
2025/07/30 17:49:12.018, 74.64 W, 58, 59 %, 9 %
2025/07/30 17:49:13.021, 78.59 W, 58, 59 %, 9 %
2025/07/30 17:49:14.025, 80.07 W, 58, 59 %, 9 %
2025/07/30 17:49:15.029, 47.53 W, 58, 59 %, 9 %
2025/07/30 17:49:16.032, 75.62 W, 58, 39 %, 6 %
2025/07/30 17:49:17.035, 76.16 W, 58, 58 %, 9 %
2025/07/30 17:49:18.038, 73.17 W, 58, 58 %, 9 %
2025/07/30 17:49:19.044, 71.92 W, 58, 57 %, 9 %
2025/07/30 17:49:20.048, 75.83 W, 58, 59 %, 9 %
2025/07/30 17:49:21.051, 77.14 W, 58, 58 %, 9 %
2025/07/30 17:49:22.054, 75.62 W, 58, 59 %, 9 %
2025/07/30 17:49:23.057, 73.89 W, 58, 59 %, 9 %
2025/07/30 17:49:24.062, 77.89 W, 58, 59 %, 9 %
2025/07/30 17:49:25.065, 78.34 W, 58, 59 %, 9 %
2025/07/30 17:49:26.068, 75.38 W, 58, 59 %, 9 %
2025/07/30 17:49:27.071, 75.87 W, 58, 59 %, 9 %
2025/07/30 17:49:28.074, 76.40 W, 58, 32 %, 7 %
2025/07/30 17:49:29.078, 74.92 W, 58, 59 %, 9 %
2025/07/30 17:49:30.081, 78.10 W, 58, 59 %, 9 %
2025/07/30 17:49:31.085, 77.60 W, 58, 58 %, 9 %
2025/07/30 17:49:32.088, 77.60 W, 58, 59 %, 9 %
2025/07/30 17:49:33.092, 77.89 W, 58, 59 %, 9 %
2025/07/30 17:49:34.096, 69.23 W, 58, 56 %, 9 %
2025/07/30 17:49:35.099, 79.82 W, 58, 54 %, 8 %
2025/07/30 17:49:36.103, 70.47 W, 58, 55 %, 9 %
2025/07/30 17:49:37.106, 70.43 W, 58, 55 %, 9 %
2025/07/30 17:49:38.111, 74.64 W, 58, 55 %, 9 %
2025/07/30 17:49:39.114, 68.49 W, 58, 54 %, 8 %
2025/07/30 17:49:40.117, 64.04 W, 57, 36 %, 8 %
2025/07/30 17:49:41.122, 73.65 W, 57, 57 %, 9 %
2025/07/30 17:49:42.125, 72.17 W, 58, 58 %, 9 %
2025/07/30 17:49:43.129, 73.97 W, 58, 57 %, 9 %
2025/07/30 17:49:44.133, 73.68 W, 58, 57 %, 9 %
2025/07/30 17:49:45.136, 76.86 W, 58, 59 %, 9 %
2025/07/30 17:49:46.140, 77.85 W, 58, 59 %, 9 %
2025/07/30 17:49:47.143, 73.91 W, 58, 59 %, 9 %
2025/07/30 17:49:48.147, 76.11 W, 58, 57 %, 9 %
2025/07/30 17:49:49.151, 74.14 W, 58, 60 %, 9 %
2025/07/30 17:49:50.154, 73.11 W, 58, 59 %, 9 %
2025/07/30 17:49:51.157, 79.37 W, 58, 58 %, 9 %
2025/07/30 17:49:52.161, 65.28 W, 57, 39 %, 6 %
2025/07/30 17:49:53.164, 77.36 W, 58, 59 %, 9 %
2025/07/30 17:49:54.167, 73.64 W, 58, 59 %, 9 %
2025/07/30 17:49:55.170, 71.42 W, 58, 59 %, 9 %
2025/07/30 17:49:56.174, 74.87 W, 58, 59 %, 9 %
2025/07/30 17:49:57.178, 81.26 W, 58, 58 %, 9 %
2025/07/30 17:49:58.181, 75.09 W, 58, 55 %, 9 %
2025/07/30 17:49:59.185, 77.60 W, 58, 60 %, 9 %
2025/07/30 17:50:00.188, 77.81 W, 58, 59 %, 9 %
2025/07/30 17:50:01.191, 74.67 W, 58, 59 %, 9 %
2025/07/30 17:50:02.196, 78.38 W, 58, 59 %, 9 %
2025/07/30 17:50:03.199, 77.39 W, 58, 59 %, 9 %
2025/07/30 17:50:04.202, 66.54 W, 58, 58 %, 9 %
2025/07/30 17:50:05.206, 70.68 W, 58, 58 %, 9 %
2025/07/30 17:50:06.209, 72.66 W, 58, 58 %, 9 %
2025/07/30 17:50:07.214, 78.34 W, 58, 59 %, 9 %
2025/07/30 17:50:08.217, 72.67 W, 58, 58 %, 9 %
2025/07/30 17:50:09.220, 75.38 W, 58, 59 %, 9 %
2025/07/30 17:50:10.223, 78.88 W, 58, 56 %, 9 %
2025/07/30 17:50:11.227, 76.37 W, 58, 55 %, 9 %
2025/07/30 17:50:12.230, 73.93 W, 58, 55 %, 9 %
2025/07/30 17:50:13.233, 72.69 W, 58, 54 %, 9 %
2025/07/30 17:50:14.237, 74.18 W, 58, 56 %, 9 %
2025/07/30 17:50:15.240, 74.92 W, 58, 56 %, 9 %
2025/07/30 17:50:16.244, 72.69 W, 58, 53 %, 8 %
2025/07/30 17:50:17.247, 68.49 W, 57, 39 %, 9 %
2025/07/30 17:50:18.251, 73.65 W, 58, 58 %, 9 %
2025/07/30 17:50:19.254, 75.14 W, 58, 59 %, 9 %
2025/07/30 17:50:20.257, 78.63 W, 58, 58 %, 9 %
2025/07/30 17:50:21.262, 78.34 W, 58, 59 %, 9 %
2025/07/30 17:50:22.266, 81.56 W, 58, 60 %, 9 %
2025/07/30 17:50:23.269, 71.67 W, 58, 60 %, 9 %
2025/07/30 17:50:24.273, 73.15 W, 58, 58 %, 9 %
2025/07/30 17:50:25.276, 78.56 W, 58, 59 %, 9 %
2025/07/30 17:50:26.281, 74.64 W, 58, 59 %, 9 %
2025/07/30 17:50:27.284, 76.14 W, 58, 59 %, 9 %
2025/07/30 17:50:28.287, 75.83 W, 58, 52 %, 8 %
2025/07/30 17:50:29.290, 66.02 W, 58, 40 %, 9 %
2025/07/30 17:50:30.294, 75.91 W, 58, 58 %, 9 %
2025/07/30 17:50:31.299, 76.82 W, 58, 59 %, 9 %
2025/07/30 17:50:32.302, 79.62 W, 58, 59 %, 9 %
2025/07/30 17:50:33.305, 76.08 W, 58, 60 %, 9 %
2025/07/30 17:50:34.308, 76.12 W, 58, 59 %, 9 %
2025/07/30 17:50:35.311, 79.33 W, 58, 59 %, 9 %
2025/07/30 17:50:36.315, 74.43 W, 58, 59 %, 9 %
2025/07/30 17:50:37.318, 74.18 W, 58, 58 %, 9 %
2025/07/30 17:50:38.321, 73.15 W, 58, 55 %, 9 %
2025/07/30 17:50:39.324, 77.85 W, 58, 59 %, 9 %
2025/07/30 17:50:40.329, 74.40 W, 58, 59 %, 9 %
2025/07/30 17:50:41.332, 66.99 W, 58, 40 %, 9 %
2025/07/30 17:50:42.336, 75.13 W, 58, 60 %, 9 %
2025/07/30 17:50:43.339, 76.12 W, 58, 59 %, 9 %
2025/07/30 17:50:44.343, 76.12 W, 58, 59 %, 9 %
2025/07/30 17:50:45.347, 74.67 W, 58, 59 %, 9 %
2025/07/30 17:50:46.350, 69.73 W, 58, 56 %, 9 %
2025/07/30 17:50:47.353, 72.41 W, 58, 54 %, 8 %
2025/07/30 17:50:48.356, 75.43 W, 58, 52 %, 8 %
2025/07/30 17:50:49.360, 76.35 W, 58, 56 %, 9 %
2025/07/30 17:50:50.365, 77.31 W, 58, 56 %, 9 %
2025/07/30 17:50:51.368, 71.21 W, 58, 56 %, 9 %
2025/07/30 17:50:52.371, 68.49 W, 57, 52 %, 8 %
2025/07/30 17:50:53.374, 63.79 W, 58, 28 %, 6 %
2025/07/30 17:50:54.378, 74.09 W, 58, 58 %, 9 %
2025/07/30 17:50:55.383, 76.11 W, 58, 59 %, 9 %
2025/07/30 17:50:56.387, 72.41 W, 58, 59 %, 9 %
2025/07/30 17:50:57.390, 72.74 W, 58, 58 %, 9 %
2025/07/30 17:50:58.394, 76.86 W, 58, 58 %, 9 %
2025/07/30 17:50:59.398, 78.84 W, 58, 58 %, 9 %
2025/07/30 17:51:00.401, 77.14 W, 58, 59 %, 9 %
2025/07/30 17:51:01.404, 78.13 W, 58, 59 %, 9 %
2025/07/30 17:51:02.407, 75.13 W, 58, 58 %, 9 %
2025/07/30 17:51:03.413, 74.38 W, 58, 58 %, 9 %
2025/07/30 17:51:04.417, 76.37 W, 58, 58 %, 9 %
2025/07/30 17:51:05.421, 60.33 W, 57, 41 %, 6 %
2025/07/30 17:51:06.424, 78.38 W, 58, 58 %, 9 %
2025/07/30 17:51:07.428, 79.30 W, 58, 59 %, 9 %
2025/07/30 17:51:08.432, 77.10 W, 58, 58 %, 9 %
2025/07/30 17:51:09.435, 73.61 W, 58, 59 %, 9 %
2025/07/30 17:51:10.438, 73.40 W, 58, 59 %, 9 %
2025/07/30 17:51:11.441, 79.29 W, 58, 59 %, 9 %
2025/07/30 17:51:12.445, 73.89 W, 58, 58 %, 9 %
2025/07/30 17:51:13.450, 72.17 W, 58, 58 %, 9 %
2025/07/30 17:51:14.453, 74.88 W, 58, 58 %, 9 %
2025/07/30 17:51:15.456, 78.59 W, 58, 59 %, 9 %
2025/07/30 17:51:16.460, 74.39 W, 58, 59 %, 9 %
2025/07/30 17:51:17.464, 74.88 W, 58, 57 %, 9 %
2025/07/30 17:51:18.469, 72.91 W, 58, 45 %, 7 %
2025/07/30 17:51:19.472, 76.16 W, 58, 59 %, 9 %
2025/07/30 17:51:20.476, 80.32 W, 58, 59 %, 9 %
2025/07/30 17:51:21.479, 75.13 W, 58, 58 %, 9 %
2025/07/30 17:51:22.482, 71.95 W, 58, 57 %, 9 %
2025/07/30 17:51:23.486, 72.91 W, 58, 54 %, 8 %
2025/07/30 17:51:24.489, 72.94 W, 58, 55 %, 9 %
2025/07/30 17:51:25.492, 70.96 W, 58, 53 %, 8 %
2025/07/30 17:51:26.498, 72.91 W, 58, 52 %, 8 %
2025/07/30 17:51:27.501, 74.43 W, 58, 56 %, 9 %
2025/07/30 17:51:28.505, 76.40 W, 58, 55 %, 9 %
2025/07/30 17:51:29.508, 76.12 W, 58, 59 %, 9 %
2025/07/30 17:51:30.512, 66.76 W, 58, 39 %, 9 %
2025/07/30 17:51:31.516, 71.95 W, 58, 59 %, 9 %
2025/07/30 17:51:32.520, 73.68 W, 58, 58 %, 9 %
2025/07/30 17:51:33.523, 76.16 W, 58, 59 %, 9 %
2025/07/30 17:51:34.526, 80.85 W, 58, 59 %, 9 %
2025/07/30 17:51:35.529, 73.19 W, 58, 59 %, 9 %
2025/07/30 17:51:36.534, 82.09 W, 58, 58 %, 9 %
2025/07/30 17:51:37.537, 71.95 W, 58, 58 %, 9 %
2025/07/30 17:51:38.540, 72.66 W, 58, 59 %, 9 %
2025/07/30 17:51:39.544, 75.90 W, 58, 58 %, 9 %
2025/07/30 17:51:40.548, 75.38 W, 58, 59 %, 9 %
2025/07/30 17:51:41.552, 75.66 W, 58, 59 %, 9 %
2025/07/30 17:51:42.556, 63.51 W, 57, 39 %, 9 %
2025/07/30 17:51:43.563, 78.88 W, 58, 58 %, 9 %
2025/07/30 17:51:44.566, 72.94 W, 58, 58 %, 9 %
2025/07/30 17:51:45.570, 72.91 W, 58, 59 %, 9 %
2025/07/30 17:51:46.573, 74.35 W, 58, 59 %, 9 %
2025/07/30 17:51:47.577, 73.66 W, 58, 59 %, 9 %
2025/07/30 17:51:48.583, 78.59 W, 58, 59 %, 9 %
2025/07/30 17:51:49.586, 79.58 W, 58, 59 %, 9 %
2025/07/30 17:51:50.589, 80.03 W, 58, 59 %, 9 %
2025/07/30 17:51:51.592, 76.63 W, 58, 60 %, 9 %
2025/07/30 17:51:52.596, 71.46 W, 58, 59 %, 9 %
2025/07/30 17:51:53.601, 79.33 W, 58, 60 %, 9 %
2025/07/30 17:51:54.604, 68.49 W, 57, 40 %, 9 %
2025/07/30 17:51:55.607, 72.17 W, 57, 59 %, 9 %
2025/07/30 17:51:56.611, 73.19 W, 58, 59 %, 9 %
2025/07/30 17:51:57.614, 76.86 W, 58, 59 %, 9 %
2025/07/30 17:51:58.619, 77.89 W, 58, 58 %, 9 %
2025/07/30 17:51:59.622, 74.92 W, 58, 52 %, 8 %
2025/07/30 17:52:00.625, 70.72 W, 58, 55 %, 9 %
2025/07/30 17:52:01.628, 76.33 W, 58, 55 %, 9 %
2025/07/30 17:52:02.632, 71.42 W, 58, 55 %, 8 %
2025/07/30 17:52:03.635, 78.10 W, 58, 55 %, 9 %
2025/07/30 17:52:04.639, 72.66 W, 58, 56 %, 9 %
2025/07/30 17:52:05.642, 78.84 W, 58, 59 %, 9 %
2025/07/30 17:52:06.645, 75.13 W, 58, 59 %, 9 %
2025/07/30 17:52:07.650, 75.41 W, 58, 31 %, 5 %
2025/07/30 17:52:08.653, 75.10 W, 58, 58 %, 9 %
2025/07/30 17:52:09.657, 72.69 W, 58, 58 %, 9 %
2025/07/30 17:52:10.660, 75.17 W, 58, 59 %, 9 %
2025/07/30 17:52:11.663, 75.41 W, 58, 59 %, 9 %
2025/07/30 17:52:12.667, 75.41 W, 58, 58 %, 9 %
2025/07/30 17:52:13.672, 76.65 W, 58, 58 %, 9 %
2025/07/30 17:52:14.675, 79.58 W, 58, 58 %, 9 %
2025/07/30 17:52:15.678, 80.36 W, 58, 58 %, 9 %
2025/07/30 17:52:16.682, 72.94 W, 58, 59 %, 9 %
2025/07/30 17:52:17.685, 71.92 W, 58, 59 %, 9 %
2025/07/30 17:52:18.689, 78.84 W, 58, 59 %, 9 %
2025/07/30 17:52:19.692, 50.72 W, 57, 39 %, 9 %
2025/07/30 17:52:20.696, 72.20 W, 58, 58 %, 9 %
2025/07/30 17:52:21.699, 75.17 W, 58, 59 %, 9 %
2025/07/30 17:52:22.704, 77.89 W, 58, 58 %, 9 %
2025/07/30 17:52:23.707, 78.33 W, 58, 58 %, 9 %
2025/07/30 17:52:24.711, 76.08 W, 58, 59 %, 9 %
2025/07/30 17:52:25.714, 72.45 W, 58, 57 %, 9 %
2025/07/30 17:52:26.717, 75.91 W, 58, 58 %, 9 %
2025/07/30 17:52:27.720, 73.44 W, 58, 59 %, 9 %
2025/07/30 17:52:28.724, 74.39 W, 58, 59 %, 9 %
2025/07/30 17:52:29.727, 76.65 W, 58, 59 %, 9 %
2025/07/30 17:52:30.730, 76.40 W, 58, 58 %, 9 %
2025/07/30 17:52:31.733, 64.81 W, 58, 40 %, 9 %
2025/07/30 17:52:32.737, 73.43 W, 58, 55 %, 9 %
2025/07/30 17:52:33.741, 77.14 W, 58, 59 %, 9 %
2025/07/30 17:52:34.744, 78.08 W, 58, 59 %, 9 %
2025/07/30 17:52:35.748, 76.16 W, 58, 56 %, 9 %
2025/07/30 17:52:36.752, 76.86 W, 58, 55 %, 9 %
2025/07/30 17:52:37.755, 72.91 W, 58, 55 %, 9 %
2025/07/30 17:52:38.758, 73.15 W, 58, 55 %, 9 %
2025/07/30 17:52:39.761, 75.62 W, 58, 56 %, 9 %
2025/07/30 17:52:40.765, 77.39 W, 58, 54 %, 8 %
2025/07/30 17:52:41.769, 78.10 W, 58, 54 %, 8 %
2025/07/30 17:52:42.773, 74.18 W, 58, 58 %, 9 %
2025/07/30 17:52:43.776, 68.00 W, 57, 36 %, 6 %
2025/07/30 17:52:44.779, 48.52 W, 57, 25 %, 2 %
2025/07/30 17:52:45.782, 48.52 W, 57, 26 %, 2 %
2025/07/30 17:52:46.788, 48.27 W, 57, 26 %, 2 %
2025/07/30 17:52:47.791, 41.84 W, 56, 28 %, 2 %
2025/07/30 17:52:48.794, 41.59 W, 56, 28 %, 2 %
2025/07/30 17:52:49.797, 41.34 W, 56, 28 %, 2 %
2025/07/30 17:52:50.801, 41.59 W, 56, 28 %, 2 %
2025/07/30 17:52:51.804, 41.35 W, 56, 28 %, 2 %
2025/07/30 17:52:52.807, 41.34 W, 56, 28 %, 2 %
2025/07/30 17:52:53.811, 41.59 W, 55, 28 %, 2 %
2025/07/30 17:52:54.814, 41.59 W, 55, 28 %, 2 %
2025/07/30 17:52:55.819, 41.84 W, 55, 28 %, 2 %
2025/07/30 17:52:56.823, 41.59 W, 55, 28 %, 2 %
2025/07/30 17:52:57.826, 41.59 W, 55, 28 %, 2 %
2025/07/30 17:52:58.829, 41.34 W, 55, 28 %, 2 %
2025/07/30 17:52:59.832, 38.62 W, 55, 0 %, 0 %
2025/07/30 17:53:00.836, 42.58 W, 55, 33 %, 3 %
2025/07/30 17:53:01.839, 42.33 W, 55, 33 %, 3 %
2025/07/30 17:53:02.842, 42.33 W, 55, 33 %, 4 %
2025/07/30 17:53:03.846, 42.58 W, 55, 33 %, 3 %
2025/07/30 17:53:04.849, 42.33 W, 55, 33 %, 3 %
2025/07/30 17:53:05.853, 41.84 W, 54, 33 %, 3 %
2025/07/30 17:53:06.856, 42.08 W, 54, 33 %, 4 %
2025/07/30 17:53:07.860, 42.33 W, 54, 34 %, 4 %
2025/07/30 17:53:08.863, 42.58 W, 54, 33 %, 3 %
2025/07/30 17:53:09.866, 42.08 W, 54, 33 %, 3 %
2025/07/30 17:53:10.871, 38.12 W, 54, 0 %, 0 %
2025/07/30 17:53:11.875, 38.13 W, 54, 0 %, 0 %
