2025/07/30 18:42:24.401, 36.64 W, 51, 0 %, 0 %
2025/07/30 18:42:25.407, 36.54 W, 51, 0 %, 0 %
2025/07/30 18:42:26.411, 36.54 W, 51, 0 %, 0 %
2025/07/30 18:42:27.414, 36.55 W, 50, 0 %, 0 %
2025/07/30 18:42:28.418, 63.63 W, 51, 0 %, 0 %
2025/07/30 18:42:29.421, 79.57 W, 52, 56 %, 11 %
2025/07/30 18:42:30.424, 77.79 W, 52, 56 %, 11 %
2025/07/30 18:42:31.427, 75.12 W, 52, 56 %, 11 %
2025/07/30 18:42:32.434, 78.09 W, 53, 57 %, 11 %
2025/07/30 18:42:33.437, 79.77 W, 53, 56 %, 11 %
2025/07/30 18:42:34.440, 83.92 W, 53, 55 %, 11 %
2025/07/30 18:42:35.443, 75.53 W, 53, 55 %, 11 %
2025/07/30 18:42:36.447, 85.46 W, 53, 56 %, 11 %
2025/07/30 18:42:37.450, 83.18 W, 53, 57 %, 11 %
2025/07/30 18:42:38.453, 68.91 W, 52, 34 %, 8 %
2025/07/30 18:42:39.457, 80.22 W, 53, 59 %, 12 %
2025/07/30 18:42:40.460, 82.19 W, 53, 59 %, 12 %
2025/07/30 18:42:41.463, 84.11 W, 53, 59 %, 12 %
2025/07/30 18:42:42.468, 82.93 W, 53, 59 %, 12 %
2025/07/30 18:42:43.472, 79.97 W, 53, 59 %, 12 %
2025/07/30 18:42:44.475, 84.17 W, 53, 59 %, 12 %
2025/07/30 18:42:45.478, 85.15 W, 54, 59 %, 12 %
2025/07/30 18:42:46.482, 82.19 W, 54, 59 %, 12 %
2025/07/30 18:42:47.487, 57.82 W, 54, 60 %, 12 %
2025/07/30 18:42:48.491, 82.44 W, 54, 60 %, 12 %
2025/07/30 18:42:49.494, 84.96 W, 54, 60 %, 12 %
2025/07/30 18:42:50.498, 84.15 W, 54, 60 %, 12 %
2025/07/30 18:42:51.501, 84.95 W, 54, 60 %, 12 %
2025/07/30 18:42:52.504, 84.16 W, 54, 60 %, 12 %
2025/07/30 18:42:53.507, 88.11 W, 54, 60 %, 12 %
2025/07/30 18:42:54.511, 81.24 W, 54, 60 %, 12 %
2025/07/30 18:42:55.516, 80.47 W, 54, 60 %, 12 %
2025/07/30 18:42:56.520, 83.77 W, 54, 60 %, 12 %
2025/07/30 18:42:57.524, 81.20 W, 54, 26 %, 6 %
2025/07/30 18:42:58.528, 79.48 W, 54, 59 %, 12 %
2025/07/30 18:42:59.531, 78.99 W, 54, 59 %, 12 %
2025/07/30 18:43:00.535, 78.74 W, 54, 58 %, 12 %
2025/07/30 18:43:01.538, 80.71 W, 54, 60 %, 12 %
2025/07/30 18:43:02.542, 82.94 W, 55, 60 %, 12 %
2025/07/30 18:43:03.545, 88.36 W, 55, 59 %, 12 %
2025/07/30 18:43:04.548, 83.96 W, 55, 60 %, 12 %
2025/07/30 18:43:05.552, 88.11 W, 55, 59 %, 12 %
2025/07/30 18:43:06.555, 67.71 W, 54, 35 %, 9 %
2025/07/30 18:43:07.558, 81.74 W, 55, 59 %, 12 %
2025/07/30 18:43:08.561, 82.88 W, 55, 60 %, 12 %
2025/07/30 18:43:09.565, 81.94 W, 55, 60 %, 12 %
2025/07/30 18:43:10.568, 83.73 W, 55, 59 %, 12 %
2025/07/30 18:43:11.572, 83.62 W, 55, 60 %, 12 %
2025/07/30 18:43:12.576, 85.40 W, 55, 59 %, 12 %
2025/07/30 18:43:13.582, 82.63 W, 55, 59 %, 12 %
2025/07/30 18:43:14.586, 87.13 W, 55, 59 %, 12 %
2025/07/30 18:43:15.589, 67.43 W, 55, 40 %, 8 %
2025/07/30 18:43:16.592, 86.43 W, 55, 59 %, 12 %
2025/07/30 18:43:17.595, 77.34 W, 55, 59 %, 12 %
2025/07/30 18:43:18.600, 81.91 W, 55, 59 %, 12 %
2025/07/30 18:43:19.603, 87.13 W, 56, 60 %, 12 %
2025/07/30 18:43:20.606, 82.44 W, 56, 60 %, 12 %
2025/07/30 18:43:21.610, 85.35 W, 56, 59 %, 12 %
2025/07/30 18:43:22.613, 86.09 W, 56, 59 %, 12 %
2025/07/30 18:43:23.617, 89.35 W, 56, 60 %, 12 %
2025/07/30 18:43:24.621, 83.18 W, 56, 60 %, 12 %
2025/07/30 18:43:25.624, 82.39 W, 55, 25 %, 6 %
2025/07/30 18:43:26.627, 85.19 W, 56, 59 %, 12 %
2025/07/30 18:43:27.630, 89.30 W, 56, 59 %, 12 %
2025/07/30 18:43:28.634, 79.24 W, 56, 59 %, 12 %
2025/07/30 18:43:29.639, 86.09 W, 56, 59 %, 12 %
2025/07/30 18:43:30.642, 84.65 W, 56, 59 %, 12 %
2025/07/30 18:43:31.645, 77.55 W, 56, 59 %, 12 %
2025/07/30 18:43:32.649, 82.68 W, 56, 60 %, 12 %
2025/07/30 18:43:33.652, 86.04 W, 56, 58 %, 12 %
2025/07/30 18:43:34.655, 69.40 W, 56, 34 %, 8 %
2025/07/30 18:43:35.658, 84.91 W, 56, 60 %, 12 %
2025/07/30 18:43:36.662, 82.48 W, 56, 59 %, 12 %
2025/07/30 18:43:37.665, 83.38 W, 56, 59 %, 12 %
2025/07/30 18:43:38.669, 85.41 W, 56, 55 %, 11 %
2025/07/30 18:43:39.672, 81.49 W, 56, 56 %, 11 %
2025/07/30 18:43:40.677, 83.17 W, 56, 57 %, 11 %
2025/07/30 18:43:41.680, 84.96 W, 56, 56 %, 11 %
2025/07/30 18:43:42.688, 79.72 W, 56, 57 %, 11 %
2025/07/30 18:43:43.691, 79.24 W, 56, 56 %, 11 %
2025/07/30 18:43:44.694, 83.18 W, 56, 23 %, 6 %
2025/07/30 18:43:45.698, 84.70 W, 56, 57 %, 12 %
2025/07/30 18:43:46.701, 81.70 W, 56, 56 %, 11 %
2025/07/30 18:43:47.704, 77.50 W, 57, 53 %, 11 %
2025/07/30 18:43:48.707, 85.21 W, 57, 59 %, 12 %
2025/07/30 18:43:49.711, 83.67 W, 57, 60 %, 12 %
2025/07/30 18:43:50.714, 87.32 W, 57, 59 %, 12 %
2025/07/30 18:43:51.718, 87.37 W, 57, 58 %, 12 %
2025/07/30 18:43:52.723, 78.49 W, 57, 58 %, 12 %
2025/07/30 18:43:53.727, 68.45 W, 57, 30 %, 7 %
2025/07/30 18:43:54.730, 82.93 W, 57, 60 %, 12 %
2025/07/30 18:43:55.733, 83.13 W, 57, 58 %, 12 %
2025/07/30 18:43:56.736, 86.09 W, 57, 59 %, 12 %
2025/07/30 18:43:57.740, 80.42 W, 57, 59 %, 12 %
2025/07/30 18:43:58.743, 83.23 W, 57, 59 %, 12 %
2025/07/30 18:43:59.746, 83.18 W, 57, 59 %, 12 %
2025/07/30 18:44:00.749, 81.98 W, 57, 59 %, 12 %
2025/07/30 18:44:01.753, 84.17 W, 57, 60 %, 12 %
2025/07/30 18:44:02.756, 86.14 W, 57, 59 %, 12 %
2025/07/30 18:44:03.759, 87.37 W, 57, 35 %, 7 %
2025/07/30 18:44:04.763, 83.92 W, 57, 59 %, 12 %
2025/07/30 18:44:05.766, 87.82 W, 57, 58 %, 12 %
2025/07/30 18:44:06.771, 79.07 W, 57, 59 %, 12 %
2025/07/30 18:44:07.774, 85.15 W, 57, 60 %, 12 %
2025/07/30 18:44:08.778, 83.93 W, 57, 60 %, 12 %
2025/07/30 18:44:09.781, 87.38 W, 57, 60 %, 12 %
2025/07/30 18:44:10.785, 83.87 W, 58, 59 %, 12 %
2025/07/30 18:44:11.789, 89.84 W, 58, 60 %, 12 %
2025/07/30 18:44:12.792, 53.16 W, 57, 36 %, 9 %
2025/07/30 18:44:13.796, 84.91 W, 57, 60 %, 12 %
2025/07/30 18:44:14.799, 89.10 W, 57, 60 %, 12 %
2025/07/30 18:44:15.802, 82.67 W, 58, 60 %, 12 %
2025/07/30 18:44:16.809, 85.44 W, 58, 60 %, 12 %
2025/07/30 18:44:17.813, 79.48 W, 58, 59 %, 12 %
2025/07/30 18:44:18.816, 88.02 W, 58, 59 %, 12 %
2025/07/30 18:44:19.820, 84.41 W, 58, 59 %, 12 %
2025/07/30 18:44:20.823, 86.09 W, 58, 58 %, 12 %
2025/07/30 18:44:21.826, 68.91 W, 58, 26 %, 7 %
2025/07/30 18:44:22.830, 84.45 W, 58, 59 %, 12 %
2025/07/30 18:44:23.833, 86.30 W, 58, 58 %, 12 %
2025/07/30 18:44:24.837, 86.14 W, 58, 59 %, 12 %
2025/07/30 18:44:25.841, 87.57 W, 58, 59 %, 12 %
2025/07/30 18:44:26.844, 84.86 W, 58, 59 %, 12 %
2025/07/30 18:44:27.847, 84.91 W, 58, 58 %, 12 %
2025/07/30 18:44:28.850, 84.91 W, 58, 59 %, 12 %
2025/07/30 18:44:29.854, 82.00 W, 58, 59 %, 12 %
2025/07/30 18:44:30.858, 85.35 W, 58, 59 %, 12 %
2025/07/30 18:44:31.861, 84.91 W, 58, 59 %, 12 %
2025/07/30 18:44:32.864, 82.93 W, 58, 59 %, 12 %
2025/07/30 18:44:33.867, 83.43 W, 58, 60 %, 12 %
2025/07/30 18:44:34.872, 87.08 W, 58, 59 %, 12 %
2025/07/30 18:44:35.875, 80.47 W, 58, 59 %, 12 %
2025/07/30 18:44:36.879, 88.31 W, 58, 59 %, 12 %
2025/07/30 18:44:37.882, 83.23 W, 58, 59 %, 12 %
2025/07/30 18:44:38.885, 87.36 W, 58, 59 %, 12 %
2025/07/30 18:44:39.888, 80.02 W, 58, 60 %, 12 %
2025/07/30 18:44:40.892, 49.23 W, 58, 34 %, 8 %
2025/07/30 18:44:41.895, 87.32 W, 58, 60 %, 12 %
2025/07/30 18:44:42.898, 83.87 W, 58, 60 %, 12 %
2025/07/30 18:44:43.903, 84.66 W, 58, 59 %, 12 %
2025/07/30 18:44:44.906, 89.30 W, 58, 59 %, 12 %
2025/07/30 18:44:45.910, 83.18 W, 58, 59 %, 12 %
2025/07/30 18:44:46.913, 84.66 W, 58, 59 %, 12 %
2025/07/30 18:44:47.917, 85.15 W, 58, 56 %, 11 %
2025/07/30 18:44:48.921, 83.68 W, 58, 56 %, 11 %
2025/07/30 18:44:49.924, 66.96 W, 58, 24 %, 6 %
2025/07/30 18:44:50.927, 83.48 W, 58, 56 %, 11 %
2025/07/30 18:44:51.930, 86.09 W, 58, 56 %, 11 %
2025/07/30 18:44:52.934, 82.40 W, 58, 56 %, 11 %
2025/07/30 18:44:53.939, 81.98 W, 58, 55 %, 11 %
2025/07/30 18:44:54.942, 82.68 W, 58, 56 %, 11 %
2025/07/30 18:44:55.946, 83.37 W, 58, 57 %, 12 %
2025/07/30 18:44:56.949, 83.18 W, 58, 55 %, 11 %
2025/07/30 18:44:57.953, 81.90 W, 58, 59 %, 12 %
2025/07/30 18:44:58.957, 80.76 W, 58, 59 %, 12 %
2025/07/30 18:44:59.961, 70.67 W, 58, 34 %, 9 %
2025/07/30 18:45:00.964, 85.85 W, 58, 59 %, 12 %
2025/07/30 18:45:01.967, 83.92 W, 58, 60 %, 12 %
2025/07/30 18:45:02.970, 83.43 W, 59, 60 %, 12 %
2025/07/30 18:45:03.974, 81.94 W, 59, 60 %, 12 %
2025/07/30 18:45:04.977, 85.15 W, 59, 59 %, 12 %
2025/07/30 18:45:05.980, 86.09 W, 59, 60 %, 12 %
2025/07/30 18:45:06.983, 88.07 W, 59, 59 %, 12 %
2025/07/30 18:45:07.987, 80.91 W, 59, 59 %, 12 %
2025/07/30 18:45:08.990, 67.95 W, 58, 35 %, 7 %
2025/07/30 18:45:09.994, 82.49 W, 59, 59 %, 12 %
2025/07/30 18:45:10.998, 86.14 W, 59, 59 %, 12 %
2025/07/30 18:45:12.001, 85.89 W, 59, 59 %, 12 %
2025/07/30 18:45:13.005, 89.04 W, 59, 60 %, 12 %
2025/07/30 18:45:14.008, 84.67 W, 59, 58 %, 12 %
2025/07/30 18:45:15.011, 88.30 W, 59, 59 %, 12 %
2025/07/30 18:45:16.014, 85.65 W, 59, 60 %, 12 %
2025/07/30 18:45:17.018, 89.30 W, 59, 59 %, 12 %
2025/07/30 18:45:18.023, 88.16 W, 59, 58 %, 12 %
2025/07/30 18:45:19.026, 81.20 W, 58, 28 %, 6 %
2025/07/30 18:45:20.030, 85.15 W, 59, 59 %, 12 %
2025/07/30 18:45:21.033, 83.92 W, 59, 58 %, 12 %
2025/07/30 18:45:22.036, 88.31 W, 59, 59 %, 12 %
2025/07/30 18:45:23.042, 82.47 W, 59, 60 %, 12 %
2025/07/30 18:45:24.045, 83.38 W, 59, 59 %, 12 %
2025/07/30 18:45:25.049, 82.19 W, 59, 59 %, 12 %
2025/07/30 18:45:26.052, 82.74 W, 59, 60 %, 12 %
2025/07/30 18:45:27.055, 89.54 W, 59, 58 %, 12 %
2025/07/30 18:45:28.058, 67.21 W, 59, 32 %, 8 %
2025/07/30 18:45:29.062, 83.22 W, 59, 59 %, 12 %
2025/07/30 18:45:30.065, 83.89 W, 59, 58 %, 12 %
2025/07/30 18:45:31.068, 83.18 W, 59, 57 %, 12 %
2025/07/30 18:45:32.071, 81.05 W, 59, 58 %, 12 %
2025/07/30 18:45:33.075, 85.60 W, 59, 57 %, 12 %
2025/07/30 18:45:34.078, 83.66 W, 59, 58 %, 12 %
2025/07/30 18:45:35.081, 83.43 W, 59, 58 %, 12 %
2025/07/30 18:45:36.084, 86.39 W, 59, 58 %, 12 %
2025/07/30 18:45:37.088, 88.80 W, 59, 57 %, 12 %
2025/07/30 18:45:38.092, 88.11 W, 59, 41 %, 8 %
2025/07/30 18:45:39.096, 83.71 W, 59, 60 %, 12 %
2025/07/30 18:45:40.099, 86.15 W, 59, 59 %, 12 %
2025/07/30 18:45:41.103, 85.69 W, 59, 59 %, 12 %
2025/07/30 18:45:42.107, 85.19 W, 59, 57 %, 12 %
2025/07/30 18:45:43.111, 83.73 W, 59, 59 %, 12 %
2025/07/30 18:45:44.115, 90.52 W, 59, 59 %, 12 %
2025/07/30 18:45:45.118, 83.90 W, 59, 59 %, 12 %
2025/07/30 18:45:46.122, 84.22 W, 59, 59 %, 12 %
2025/07/30 18:45:47.125, 68.45 W, 59, 33 %, 8 %
2025/07/30 18:45:48.129, 82.88 W, 59, 59 %, 12 %
2025/07/30 18:45:49.133, 82.74 W, 59, 59 %, 12 %
2025/07/30 18:45:50.137, 79.73 W, 59, 59 %, 12 %
2025/07/30 18:45:51.141, 86.34 W, 59, 59 %, 12 %
2025/07/30 18:45:52.144, 81.70 W, 59, 59 %, 12 %
2025/07/30 18:45:53.147, 86.88 W, 59, 60 %, 12 %
2025/07/30 18:45:54.150, 82.45 W, 59, 59 %, 12 %
2025/07/30 18:45:55.155, 84.17 W, 59, 60 %, 12 %
2025/07/30 18:45:56.159, 69.89 W, 59, 42 %, 8 %
2025/07/30 18:45:57.162, 87.07 W, 59, 59 %, 12 %
2025/07/30 18:45:58.166, 74.08 W, 59, 52 %, 10 %
2025/07/30 18:45:59.169, 87.66 W, 59, 56 %, 11 %
2025/07/30 18:46:00.173, 83.96 W, 59, 55 %, 11 %
2025/07/30 18:46:01.176, 84.45 W, 59, 56 %, 11 %
2025/07/30 18:46:02.180, 79.73 W, 60, 58 %, 12 %
2025/07/30 18:46:03.183, 83.47 W, 59, 57 %, 11 %
2025/07/30 18:46:04.187, 84.91 W, 59, 56 %, 11 %
2025/07/30 18:46:05.191, 82.65 W, 59, 57 %, 12 %
2025/07/30 18:46:06.195, 66.96 W, 59, 33 %, 8 %
2025/07/30 18:46:07.200, 79.72 W, 59, 56 %, 11 %
2025/07/30 18:46:08.203, 72.32 W, 59, 57 %, 12 %
2025/07/30 18:46:09.206, 79.72 W, 60, 59 %, 12 %
2025/07/30 18:46:10.209, 83.67 W, 60, 59 %, 12 %
2025/07/30 18:46:11.213, 87.87 W, 60, 59 %, 12 %
2025/07/30 18:46:12.216, 88.35 W, 59, 58 %, 12 %
2025/07/30 18:46:13.222, 86.63 W, 60, 59 %, 12 %
2025/07/30 18:46:14.225, 89.35 W, 60, 60 %, 12 %
2025/07/30 18:46:15.229, 89.05 W, 60, 60 %, 12 %
2025/07/30 18:46:16.232, 88.07 W, 59, 59 %, 12 %
2025/07/30 18:46:17.235, 83.18 W, 60, 60 %, 12 %
2025/07/30 18:46:18.241, 88.07 W, 60, 56 %, 11 %
2025/07/30 18:46:19.244, 84.95 W, 60, 59 %, 12 %
2025/07/30 18:46:20.248, 84.16 W, 60, 57 %, 12 %
2025/07/30 18:46:21.251, 89.07 W, 60, 59 %, 12 %
2025/07/30 18:46:22.258, 88.61 W, 60, 59 %, 12 %
2025/07/30 18:46:23.261, 83.43 W, 60, 59 %, 12 %
2025/07/30 18:46:24.264, 85.15 W, 60, 59 %, 12 %
2025/07/30 18:46:25.267, 70.39 W, 59, 35 %, 9 %
2025/07/30 18:46:26.271, 87.32 W, 60, 60 %, 12 %
2025/07/30 18:46:27.276, 85.84 W, 60, 60 %, 12 %
2025/07/30 18:46:28.279, 88.55 W, 60, 54 %, 11 %
2025/07/30 18:46:29.282, 85.40 W, 60, 59 %, 12 %
2025/07/30 18:46:30.286, 90.29 W, 60, 59 %, 12 %
2025/07/30 18:46:31.289, 86.63 W, 60, 59 %, 12 %
2025/07/30 18:46:32.292, 87.32 W, 60, 60 %, 12 %
2025/07/30 18:46:33.295, 80.96 W, 60, 59 %, 12 %
2025/07/30 18:46:34.299, 68.45 W, 60, 26 %, 6 %
2025/07/30 18:46:35.302, 86.58 W, 60, 59 %, 12 %
2025/07/30 18:46:36.306, 85.40 W, 60, 59 %, 12 %
2025/07/30 18:46:37.310, 85.70 W, 60, 60 %, 12 %
2025/07/30 18:46:38.313, 78.25 W, 60, 52 %, 11 %
2025/07/30 18:46:39.316, 80.91 W, 60, 59 %, 12 %
2025/07/30 18:46:40.319, 89.60 W, 60, 59 %, 12 %
2025/07/30 18:46:41.324, 86.14 W, 60, 60 %, 12 %
2025/07/30 18:46:42.327, 87.62 W, 60, 60 %, 12 %
2025/07/30 18:46:43.330, 89.07 W, 60, 60 %, 12 %
2025/07/30 18:46:44.334, 87.88 W, 60, 36 %, 7 %
2025/07/30 18:46:45.337, 80.47 W, 60, 59 %, 12 %
2025/07/30 18:46:46.342, 81.42 W, 60, 59 %, 12 %
2025/07/30 18:46:47.345, 82.48 W, 60, 59 %, 12 %
2025/07/30 18:46:48.348, 84.17 W, 60, 55 %, 11 %
2025/07/30 18:46:49.351, 88.31 W, 60, 60 %, 12 %
2025/07/30 18:46:50.355, 90.04 W, 60, 60 %, 12 %
2025/07/30 18:46:51.361, 90.04 W, 60, 60 %, 12 %
2025/07/30 18:46:52.364, 89.30 W, 60, 60 %, 12 %
2025/07/30 18:46:53.367, 69.43 W, 60, 35 %, 9 %
2025/07/30 18:46:54.370, 84.95 W, 60, 60 %, 12 %
2025/07/30 18:46:55.373, 85.65 W, 60, 60 %, 12 %
2025/07/30 18:46:56.377, 89.05 W, 60, 60 %, 12 %
2025/07/30 18:46:57.380, 91.08 W, 60, 59 %, 12 %
2025/07/30 18:46:58.383, 90.03 W, 60, 57 %, 11 %
2025/07/30 18:46:59.386, 81.20 W, 60, 60 %, 12 %
2025/07/30 18:47:00.390, 89.84 W, 60, 59 %, 12 %
2025/07/30 18:47:01.394, 82.19 W, 60, 59 %, 12 %
2025/07/30 18:47:02.397, 73.14 W, 60, 31 %, 8 %
2025/07/30 18:47:03.401, 87.61 W, 60, 60 %, 12 %
2025/07/30 18:47:04.404, 84.70 W, 60, 60 %, 12 %
2025/07/30 18:47:05.408, 85.15 W, 60, 60 %, 12 %
2025/07/30 18:47:06.411, 88.36 W, 60, 59 %, 12 %
2025/07/30 18:47:07.415, 81.74 W, 60, 57 %, 12 %
2025/07/30 18:47:08.419, 84.41 W, 60, 53 %, 11 %
2025/07/30 18:47:09.422, 86.14 W, 60, 57 %, 12 %
2025/07/30 18:47:10.426, 87.17 W, 60, 57 %, 12 %
2025/07/30 18:47:11.429, 87.13 W, 60, 57 %, 12 %
2025/07/30 18:47:12.432, 47.23 W, 60, 32 %, 8 %
2025/07/30 18:47:13.436, 83.43 W, 60, 55 %, 11 %
2025/07/30 18:47:14.439, 85.12 W, 60, 56 %, 11 %
2025/07/30 18:47:15.442, 84.42 W, 60, 56 %, 11 %
2025/07/30 18:47:16.445, 83.48 W, 60, 56 %, 11 %
2025/07/30 18:47:17.449, 88.86 W, 60, 56 %, 11 %
2025/07/30 18:47:18.452, 86.88 W, 60, 59 %, 12 %
2025/07/30 18:47:19.457, 92.30 W, 60, 59 %, 12 %
2025/07/30 18:47:20.460, 90.09 W, 60, 60 %, 12 %
2025/07/30 18:47:21.463, 65.70 W, 60, 59 %, 12 %
2025/07/30 18:47:22.467, 87.07 W, 60, 59 %, 12 %
2025/07/30 18:47:23.470, 85.89 W, 60, 59 %, 12 %
2025/07/30 18:47:24.474, 82.97 W, 60, 59 %, 12 %
2025/07/30 18:47:25.477, 85.44 W, 60, 60 %, 12 %
2025/07/30 18:47:26.481, 88.31 W, 60, 59 %, 12 %
2025/07/30 18:47:27.484, 81.95 W, 60, 59 %, 12 %
2025/07/30 18:47:28.488, 83.93 W, 60, 59 %, 12 %
2025/07/30 18:47:29.492, 82.68 W, 60, 60 %, 12 %
2025/07/30 18:47:30.495, 82.97 W, 60, 59 %, 12 %
2025/07/30 18:47:31.498, 71.66 W, 60, 35 %, 9 %
2025/07/30 18:47:32.501, 86.58 W, 60, 60 %, 12 %
2025/07/30 18:47:33.505, 85.40 W, 60, 58 %, 12 %
2025/07/30 18:47:34.510, 87.66 W, 60, 59 %, 12 %
2025/07/30 18:47:35.514, 84.67 W, 60, 59 %, 12 %
2025/07/30 18:47:36.517, 87.08 W, 60, 59 %, 12 %
2025/07/30 18:47:37.521, 80.22 W, 60, 59 %, 12 %
2025/07/30 18:47:38.524, 83.38 W, 60, 60 %, 12 %
2025/07/30 18:47:39.527, 91.27 W, 60, 59 %, 12 %
2025/07/30 18:47:40.531, 70.92 W, 60, 26 %, 6 %
2025/07/30 18:47:41.534, 84.38 W, 60, 59 %, 12 %
2025/07/30 18:47:42.537, 81.86 W, 60, 59 %, 12 %
2025/07/30 18:47:43.540, 87.66 W, 60, 59 %, 12 %
2025/07/30 18:47:44.544, 86.89 W, 60, 57 %, 12 %
2025/07/30 18:47:45.549, 84.17 W, 60, 58 %, 12 %
2025/07/30 18:47:46.552, 85.35 W, 60, 59 %, 12 %
2025/07/30 18:47:47.558, 88.86 W, 60, 59 %, 12 %
2025/07/30 18:47:48.562, 87.37 W, 60, 59 %, 12 %
2025/07/30 18:47:49.565, 88.08 W, 60, 59 %, 12 %
2025/07/30 18:47:50.568, 85.40 W, 60, 30 %, 6 %
2025/07/30 18:47:51.571, 87.43 W, 60, 59 %, 12 %
2025/07/30 18:47:52.576, 82.00 W, 60, 60 %, 12 %
2025/07/30 18:47:53.579, 84.41 W, 60, 59 %, 12 %
2025/07/30 18:47:54.582, 87.37 W, 60, 59 %, 12 %
2025/07/30 18:47:55.585, 89.54 W, 60, 58 %, 12 %
2025/07/30 18:47:56.589, 89.50 W, 60, 60 %, 12 %
2025/07/30 18:47:57.595, 90.64 W, 60, 60 %, 12 %
2025/07/30 18:47:58.598, 86.18 W, 60, 59 %, 12 %
2025/07/30 18:47:59.601, 69.68 W, 60, 34 %, 8 %
2025/07/30 18:48:00.604, 84.36 W, 60, 59 %, 12 %
2025/07/30 18:48:01.608, 85.15 W, 60, 58 %, 12 %
2025/07/30 18:48:02.611, 84.42 W, 60, 59 %, 12 %
2025/07/30 18:48:03.615, 85.85 W, 60, 60 %, 12 %
2025/07/30 18:48:04.618, 88.40 W, 60, 59 %, 12 %
2025/07/30 18:48:05.625, 85.40 W, 60, 59 %, 12 %
2025/07/30 18:48:06.628, 87.17 W, 60, 59 %, 12 %
2025/07/30 18:48:07.632, 82.24 W, 60, 60 %, 12 %
2025/07/30 18:48:08.635, 71.91 W, 60, 57 %, 11 %
2025/07/30 18:48:09.638, 89.79 W, 60, 60 %, 12 %
2025/07/30 18:48:10.643, 86.68 W, 60, 60 %, 12 %
2025/07/30 18:48:11.646, 90.52 W, 60, 60 %, 12 %
2025/07/30 18:48:12.649, 87.38 W, 60, 59 %, 12 %
2025/07/30 18:48:13.653, 88.55 W, 60, 60 %, 12 %
2025/07/30 18:48:14.657, 89.79 W, 60, 60 %, 12 %
2025/07/30 18:48:15.660, 89.54 W, 60, 60 %, 12 %
2025/07/30 18:48:16.676, 90.07 W, 60, 60 %, 12 %
2025/07/30 18:48:17.679, 87.87 W, 61, 58 %, 12 %
2025/07/30 18:48:18.685, 86.72 W, 60, 22 %, 5 %
2025/07/30 18:48:19.688, 84.22 W, 60, 57 %, 11 %
2025/07/30 18:48:20.692, 82.45 W, 60, 57 %, 12 %
2025/07/30 18:48:21.696, 83.91 W, 60, 56 %, 11 %
2025/07/30 18:48:22.699, 83.48 W, 60, 57 %, 12 %
2025/07/30 18:48:23.703, 83.18 W, 60, 58 %, 12 %
2025/07/30 18:48:24.707, 80.22 W, 60, 57 %, 11 %
2025/07/30 18:48:25.710, 85.44 W, 60, 57 %, 11 %
2025/07/30 18:48:26.714, 83.18 W, 60, 55 %, 11 %
2025/07/30 18:48:27.718, 75.82 W, 60, 58 %, 12 %
2025/07/30 18:48:28.722, 83.97 W, 60, 55 %, 11 %
2025/07/30 18:48:29.725, 90.58 W, 60, 60 %, 12 %
2025/07/30 18:48:30.728, 86.63 W, 60, 59 %, 12 %
2025/07/30 18:48:31.731, 86.83 W, 61, 59 %, 12 %
2025/07/30 18:48:32.735, 88.11 W, 61, 59 %, 12 %
2025/07/30 18:48:33.738, 85.74 W, 61, 60 %, 12 %
2025/07/30 18:48:34.741, 84.65 W, 61, 60 %, 12 %
2025/07/30 18:48:35.744, 84.61 W, 60, 60 %, 12 %
2025/07/30 18:48:36.748, 87.42 W, 60, 61 %, 12 %
2025/07/30 18:48:37.751, 56.38 W, 60, 35 %, 9 %
2025/07/30 18:48:38.754, 84.17 W, 60, 60 %, 12 %
2025/07/30 18:48:39.757, 85.65 W, 60, 60 %, 12 %
2025/07/30 18:48:40.761, 84.91 W, 61, 60 %, 12 %
2025/07/30 18:48:41.764, 83.87 W, 61, 59 %, 12 %
2025/07/30 18:48:42.769, 85.40 W, 61, 59 %, 12 %
2025/07/30 18:48:43.773, 87.14 W, 61, 60 %, 12 %
2025/07/30 18:48:44.776, 87.78 W, 61, 59 %, 12 %
2025/07/30 18:48:45.779, 86.37 W, 61, 59 %, 12 %
2025/07/30 18:48:46.783, 68.94 W, 60, 27 %, 7 %
2025/07/30 18:48:47.787, 89.35 W, 60, 60 %, 12 %
2025/07/30 18:48:48.790, 87.62 W, 60, 59 %, 12 %
2025/07/30 18:48:49.794, 87.62 W, 61, 59 %, 12 %
2025/07/30 18:48:50.797, 87.37 W, 61, 59 %, 12 %
2025/07/30 18:48:51.801, 83.97 W, 61, 60 %, 12 %
2025/07/30 18:48:52.804, 87.32 W, 60, 58 %, 12 %
2025/07/30 18:48:53.808, 88.31 W, 61, 59 %, 12 %
2025/07/30 18:48:54.811, 89.09 W, 61, 60 %, 12 %
2025/07/30 18:48:55.816, 90.04 W, 61, 60 %, 12 %
2025/07/30 18:48:56.819, 85.90 W, 60, 48 %, 10 %
2025/07/30 18:48:57.824, 86.39 W, 61, 60 %, 12 %
2025/07/30 18:48:58.827, 85.65 W, 61, 59 %, 12 %
2025/07/30 18:48:59.830, 86.39 W, 61, 60 %, 12 %
2025/07/30 18:49:00.834, 86.58 W, 61, 59 %, 12 %
2025/07/30 18:49:01.838, 81.01 W, 61, 59 %, 12 %
2025/07/30 18:49:02.843, 83.96 W, 61, 59 %, 12 %
2025/07/30 18:49:03.846, 89.34 W, 61, 60 %, 12 %
2025/07/30 18:49:04.850, 85.65 W, 61, 59 %, 12 %
2025/07/30 18:49:05.854, 68.69 W, 60, 35 %, 9 %
2025/07/30 18:49:06.857, 88.61 W, 61, 59 %, 12 %
2025/07/30 18:49:07.861, 83.93 W, 61, 59 %, 12 %
2025/07/30 18:49:08.864, 81.45 W, 61, 59 %, 12 %
2025/07/30 18:49:09.871, 83.18 W, 61, 60 %, 12 %
2025/07/30 18:49:10.874, 86.63 W, 61, 60 %, 12 %
2025/07/30 18:49:11.877, 87.32 W, 61, 59 %, 12 %
2025/07/30 18:49:12.881, 88.07 W, 61, 60 %, 12 %
2025/07/30 18:49:13.884, 79.23 W, 61, 59 %, 12 %
2025/07/30 18:49:14.887, 68.66 W, 60, 29 %, 7 %
2025/07/30 18:49:15.890, 90.32 W, 61, 59 %, 12 %
2025/07/30 18:49:16.894, 89.60 W, 61, 60 %, 12 %
2025/07/30 18:49:17.897, 87.13 W, 61, 59 %, 12 %
2025/07/30 18:49:18.900, 81.16 W, 61, 59 %, 12 %
2025/07/30 18:49:19.904, 88.36 W, 61, 60 %, 12 %
2025/07/30 18:49:20.907, 85.89 W, 61, 59 %, 12 %
2025/07/30 18:49:21.911, 83.48 W, 61, 59 %, 12 %
2025/07/30 18:49:22.915, 88.36 W, 61, 59 %, 12 %
2025/07/30 18:49:23.919, 86.33 W, 61, 59 %, 12 %
2025/07/30 18:49:24.922, 84.15 W, 60, 33 %, 7 %
2025/07/30 18:49:25.925, 87.13 W, 61, 59 %, 12 %
2025/07/30 18:49:26.928, 88.11 W, 60, 59 %, 12 %
2025/07/30 18:49:27.932, 81.40 W, 60, 56 %, 11 %
2025/07/30 18:49:28.937, 87.57 W, 61, 56 %, 11 %
2025/07/30 18:49:29.940, 78.77 W, 61, 57 %, 12 %
2025/07/30 18:49:30.944, 83.67 W, 60, 57 %, 12 %
2025/07/30 18:49:31.947, 81.01 W, 60, 57 %, 12 %
2025/07/30 18:49:32.950, 84.67 W, 61, 54 %, 11 %
2025/07/30 18:49:33.955, 68.86 W, 60, 33 %, 8 %
2025/07/30 18:49:34.959, 89.24 W, 60, 58 %, 12 %
2025/07/30 18:49:35.962, 80.50 W, 61, 57 %, 12 %
2025/07/30 18:49:36.966, 87.17 W, 61, 56 %, 11 %
2025/07/30 18:49:37.969, 90.04 W, 61, 60 %, 12 %
2025/07/30 18:49:38.973, 87.83 W, 61, 60 %, 12 %
2025/07/30 18:49:39.976, 81.66 W, 61, 60 %, 12 %
2025/07/30 18:49:40.980, 82.94 W, 61, 59 %, 12 %
2025/07/30 18:49:41.985, 88.12 W, 61, 60 %, 12 %
2025/07/30 18:49:42.988, 86.20 W, 61, 59 %, 12 %
2025/07/30 18:49:43.991, 85.41 W, 60, 30 %, 7 %
2025/07/30 18:49:44.994, 86.88 W, 61, 60 %, 12 %
2025/07/30 18:49:45.998, 86.44 W, 61, 60 %, 12 %
2025/07/30 18:49:47.003, 87.32 W, 61, 60 %, 12 %
2025/07/30 18:49:48.006, 83.67 W, 61, 58 %, 12 %
2025/07/30 18:49:49.010, 84.41 W, 61, 59 %, 12 %
2025/07/30 18:49:50.014, 86.39 W, 61, 60 %, 12 %
2025/07/30 18:49:51.018, 88.36 W, 61, 58 %, 12 %
2025/07/30 18:49:52.021, 82.99 W, 61, 60 %, 12 %
2025/07/30 18:49:53.024, 71.91 W, 60, 34 %, 8 %
2025/07/30 18:49:54.028, 89.10 W, 61, 60 %, 12 %
2025/07/30 18:49:55.031, 89.04 W, 61, 59 %, 12 %
2025/07/30 18:49:56.034, 91.57 W, 61, 59 %, 12 %
2025/07/30 18:49:57.038, 85.89 W, 61, 59 %, 12 %
2025/07/30 18:49:58.041, 83.92 W, 61, 55 %, 11 %
2025/07/30 18:49:59.045, 87.62 W, 61, 58 %, 12 %
2025/07/30 18:50:00.048, 84.41 W, 61, 59 %, 12 %
2025/07/30 18:50:01.051, 85.65 W, 61, 60 %, 12 %
2025/07/30 18:50:02.055, 70.71 W, 61, 28 %, 6 %
2025/07/30 18:50:03.058, 84.67 W, 61, 59 %, 12 %
2025/07/30 18:50:04.061, 87.82 W, 61, 59 %, 12 %
2025/07/30 18:50:05.064, 89.09 W, 61, 60 %, 12 %
2025/07/30 18:50:06.069, 88.11 W, 61, 59 %, 12 %
2025/07/30 18:50:07.072, 89.79 W, 61, 59 %, 12 %
2025/07/30 18:50:08.076, 84.66 W, 61, 58 %, 12 %
2025/07/30 18:50:09.080, 85.16 W, 61, 60 %, 12 %
2025/07/30 18:50:10.084, 79.68 W, 61, 60 %, 12 %
2025/07/30 18:50:11.087, 85.16 W, 61, 60 %, 12 %
2025/07/30 18:50:12.091, 80.02 W, 61, 35 %, 7 %
2025/07/30 18:50:13.094, 89.85 W, 61, 59 %, 12 %
2025/07/30 18:50:14.097, 84.41 W, 61, 59 %, 12 %
2025/07/30 18:50:15.101, 87.08 W, 61, 59 %, 12 %
2025/07/30 18:50:16.106, 89.05 W, 61, 59 %, 12 %
2025/07/30 18:50:17.109, 90.83 W, 61, 59 %, 12 %
2025/07/30 18:50:18.113, 83.92 W, 61, 58 %, 12 %
2025/07/30 18:50:19.117, 87.82 W, 61, 58 %, 12 %
2025/07/30 18:50:20.124, 91.03 W, 61, 60 %, 12 %
2025/07/30 18:50:21.127, 69.19 W, 61, 35 %, 9 %
2025/07/30 18:50:22.130, 89.30 W, 61, 60 %, 12 %
2025/07/30 18:50:23.134, 83.14 W, 61, 59 %, 12 %
2025/07/30 18:50:24.137, 85.65 W, 61, 59 %, 12 %
2025/07/30 18:50:25.140, 90.03 W, 61, 60 %, 12 %
2025/07/30 18:50:26.144, 91.81 W, 61, 58 %, 12 %
2025/07/30 18:50:27.147, 88.81 W, 61, 60 %, 12 %
2025/07/30 18:50:28.153, 84.91 W, 61, 59 %, 12 %
2025/07/30 18:50:29.156, 89.10 W, 61, 59 %, 12 %
2025/07/30 18:50:30.159, 71.62 W, 61, 37 %, 8 %
2025/07/30 18:50:31.162, 79.53 W, 61, 59 %, 12 %
2025/07/30 18:50:32.166, 80.27 W, 61, 60 %, 12 %
2025/07/30 18:50:33.171, 89.85 W, 61, 59 %, 12 %
2025/07/30 18:50:34.175, 86.87 W, 61, 59 %, 12 %
2025/07/30 18:50:35.179, 86.09 W, 61, 60 %, 12 %
2025/07/30 18:50:36.182, 90.09 W, 61, 60 %, 12 %
2025/07/30 18:50:37.186, 87.24 W, 61, 60 %, 12 %
2025/07/30 18:50:38.190, 82.25 W, 61, 53 %, 11 %
2025/07/30 18:50:39.193, 91.14 W, 61, 55 %, 11 %
2025/07/30 18:50:40.196, 70.48 W, 61, 32 %, 8 %
2025/07/30 18:50:41.200, 83.29 W, 60, 55 %, 11 %
2025/07/30 18:50:42.203, 84.72 W, 61, 55 %, 11 %
2025/07/30 18:50:43.209, 81.31 W, 61, 56 %, 11 %
2025/07/30 18:50:44.213, 82.75 W, 61, 55 %, 11 %
2025/07/30 18:50:45.216, 85.79 W, 61, 56 %, 11 %
2025/07/30 18:50:46.220, 82.54 W, 61, 56 %, 11 %
2025/07/30 18:50:47.223, 86.94 W, 61, 52 %, 10 %
2025/07/30 18:50:48.226, 80.61 W, 61, 55 %, 11 %
2025/07/30 18:50:49.230, 91.88 W, 61, 59 %, 12 %
2025/07/30 18:50:50.233, 69.48 W, 61, 26 %, 6 %
2025/07/30 18:50:51.236, 86.94 W, 61, 58 %, 12 %
2025/07/30 18:50:52.239, 89.25 W, 61, 57 %, 12 %
2025/07/30 18:50:53.243, 90.45 W, 61, 60 %, 12 %
2025/07/30 18:50:54.246, 85.99 W, 61, 59 %, 12 %
2025/07/30 18:50:55.249, 87.18 W, 61, 60 %, 12 %
2025/07/30 18:50:56.255, 85.26 W, 61, 60 %, 12 %
2025/07/30 18:50:57.258, 90.65 W, 61, 60 %, 12 %
2025/07/30 18:50:58.261, 86.45 W, 61, 55 %, 11 %
2025/07/30 18:50:59.266, 86.25 W, 61, 60 %, 12 %
2025/07/30 18:51:00.269, 86.70 W, 61, 53 %, 11 %
2025/07/30 18:51:01.273, 86.05 W, 61, 59 %, 12 %
2025/07/30 18:51:02.276, 87.44 W, 61, 60 %, 12 %
2025/07/30 18:51:03.279, 90.40 W, 61, 60 %, 12 %
2025/07/30 18:51:04.283, 89.91 W, 61, 59 %, 12 %
2025/07/30 18:51:05.286, 89.91 W, 61, 60 %, 12 %
2025/07/30 18:51:06.289, 88.43 W, 61, 59 %, 12 %
2025/07/30 18:51:07.292, 89.26 W, 61, 60 %, 12 %
2025/07/30 18:51:08.296, 85.26 W, 61, 54 %, 11 %
2025/07/30 18:51:09.302, 70.96 W, 61, 34 %, 9 %
2025/07/30 18:51:10.306, 88.21 W, 61, 60 %, 12 %
2025/07/30 18:51:11.309, 87.23 W, 61, 60 %, 12 %
2025/07/30 18:51:12.312, 80.32 W, 61, 59 %, 12 %
2025/07/30 18:51:13.316, 85.46 W, 61, 59 %, 12 %
2025/07/30 18:51:14.320, 83.48 W, 61, 59 %, 12 %
2025/07/30 18:51:15.323, 86.75 W, 61, 59 %, 12 %
2025/07/30 18:51:16.327, 90.45 W, 61, 59 %, 12 %
2025/07/30 18:51:17.330, 90.15 W, 61, 60 %, 12 %
2025/07/30 18:51:18.333, 69.73 W, 61, 25 %, 6 %
2025/07/30 18:51:19.339, 89.41 W, 61, 59 %, 12 %
2025/07/30 18:51:20.342, 85.00 W, 61, 60 %, 12 %
2025/07/30 18:51:21.345, 90.64 W, 61, 59 %, 12 %
2025/07/30 18:51:22.348, 88.71 W, 61, 60 %, 12 %
2025/07/30 18:51:23.352, 83.49 W, 61, 60 %, 12 %
2025/07/30 18:51:24.356, 87.44 W, 61, 59 %, 12 %
2025/07/30 18:51:25.359, 87.72 W, 61, 59 %, 12 %
2025/07/30 18:51:26.363, 82.05 W, 61, 59 %, 12 %
2025/07/30 18:51:27.366, 86.94 W, 61, 59 %, 12 %
2025/07/30 18:51:28.369, 86.00 W, 61, 50 %, 10 %
2025/07/30 18:51:29.372, 90.65 W, 61, 60 %, 12 %
2025/07/30 18:51:30.376, 91.14 W, 61, 59 %, 12 %
2025/07/30 18:51:31.379, 87.74 W, 61, 60 %, 12 %
2025/07/30 18:51:32.385, 91.92 W, 61, 60 %, 12 %
2025/07/30 18:51:33.389, 90.89 W, 61, 60 %, 12 %
2025/07/30 18:51:34.392, 88.92 W, 61, 60 %, 12 %
2025/07/30 18:51:35.395, 86.50 W, 61, 58 %, 12 %
2025/07/30 18:51:36.398, 86.50 W, 61, 58 %, 12 %
2025/07/30 18:51:37.403, 71.95 W, 61, 34 %, 8 %
2025/07/30 18:51:38.406, 84.72 W, 61, 55 %, 11 %
2025/07/30 18:51:39.410, 84.28 W, 61, 58 %, 12 %
2025/07/30 18:51:40.413, 86.50 W, 61, 59 %, 12 %
2025/07/30 18:51:41.416, 83.04 W, 61, 58 %, 12 %
2025/07/30 18:51:42.422, 87.44 W, 61, 57 %, 12 %
2025/07/30 18:51:43.425, 86.69 W, 61, 57 %, 12 %
2025/07/30 18:51:44.428, 88.72 W, 61, 58 %, 12 %
2025/07/30 18:51:45.432, 82.83 W, 61, 58 %, 12 %
2025/07/30 18:51:46.435, 86.25 W, 61, 57 %, 12 %
2025/07/30 18:51:47.439, 77.11 W, 61, 48 %, 10 %
2025/07/30 18:51:48.442, 81.75 W, 61, 53 %, 11 %
2025/07/30 18:51:49.446, 87.76 W, 61, 55 %, 11 %
2025/07/30 18:51:50.449, 83.29 W, 61, 56 %, 11 %
2025/07/30 18:51:51.452, 87.76 W, 61, 56 %, 11 %
2025/07/30 18:51:52.456, 86.53 W, 61, 56 %, 11 %
2025/07/30 18:51:53.459, 85.54 W, 61, 56 %, 11 %
2025/07/30 18:51:54.462, 80.37 W, 61, 55 %, 11 %
2025/07/30 18:51:55.469, 79.33 W, 61, 57 %, 12 %
2025/07/30 18:51:56.472, 51.64 W, 61, 57 %, 12 %
2025/07/30 18:51:57.475, 90.52 W, 61, 53 %, 11 %
2025/07/30 18:51:58.478, 89.30 W, 61, 59 %, 12 %
2025/07/30 18:51:59.483, 84.66 W, 61, 59 %, 12 %
2025/07/30 18:52:00.487, 84.16 W, 61, 59 %, 12 %
2025/07/30 18:52:01.490, 86.44 W, 61, 59 %, 12 %
2025/07/30 18:52:02.493, 85.08 W, 61, 60 %, 12 %
2025/07/30 18:52:03.497, 89.73 W, 61, 60 %, 12 %
2025/07/30 18:52:04.500, 86.87 W, 61, 60 %, 12 %
2025/07/30 18:52:05.505, 89.29 W, 61, 60 %, 12 %
2025/07/30 18:52:06.508, 69.48 W, 61, 34 %, 9 %
2025/07/30 18:52:07.511, 83.62 W, 61, 59 %, 12 %
2025/07/30 18:52:08.514, 86.58 W, 61, 59 %, 12 %
2025/07/30 18:52:09.518, 85.10 W, 61, 59 %, 12 %
2025/07/30 18:52:10.522, 88.11 W, 61, 59 %, 12 %
2025/07/30 18:52:11.525, 91.63 W, 61, 60 %, 12 %
2025/07/30 18:52:12.528, 84.85 W, 61, 60 %, 12 %
2025/07/30 18:52:13.532, 84.34 W, 61, 60 %, 12 %
2025/07/30 18:52:14.535, 83.41 W, 61, 60 %, 12 %
2025/07/30 18:52:15.538, 72.35 W, 61, 31 %, 8 %
2025/07/30 18:52:16.542, 89.39 W, 61, 59 %, 12 %
2025/07/30 18:52:17.545, 88.99 W, 61, 60 %, 12 %
2025/07/30 18:52:18.548, 86.54 W, 61, 60 %, 12 %
2025/07/30 18:52:19.552, 90.22 W, 61, 60 %, 12 %
2025/07/30 18:52:20.555, 89.58 W, 61, 60 %, 12 %
2025/07/30 18:52:21.559, 84.66 W, 61, 59 %, 12 %
2025/07/30 18:52:22.563, 89.90 W, 61, 60 %, 12 %
2025/07/30 18:52:23.567, 85.10 W, 61, 60 %, 12 %
2025/07/30 18:52:24.570, 88.55 W, 61, 59 %, 12 %
2025/07/30 18:52:25.574, 87.81 W, 61, 59 %, 12 %
2025/07/30 18:52:26.577, 85.10 W, 61, 59 %, 12 %
2025/07/30 18:52:27.581, 84.23 W, 61, 59 %, 12 %
2025/07/30 18:52:28.584, 79.63 W, 61, 60 %, 12 %
2025/07/30 18:52:29.588, 87.27 W, 61, 59 %, 12 %
2025/07/30 18:52:30.592, 87.07 W, 61, 59 %, 12 %
2025/07/30 18:52:31.595, 85.59 W, 61, 58 %, 12 %
2025/07/30 18:52:32.599, 83.93 W, 61, 59 %, 12 %
2025/07/30 18:52:33.602, 85.04 W, 61, 60 %, 12 %
2025/07/30 18:52:34.605, 69.85 W, 61, 34 %, 8 %
2025/07/30 18:52:35.608, 88.99 W, 61, 60 %, 12 %
2025/07/30 18:52:36.612, 90.28 W, 61, 59 %, 12 %
2025/07/30 18:52:37.617, 89.98 W, 61, 59 %, 12 %
2025/07/30 18:52:38.621, 91.51 W, 61, 59 %, 12 %
2025/07/30 18:52:39.624, 85.96 W, 61, 58 %, 12 %
2025/07/30 18:52:40.627, 87.95 W, 61, 59 %, 12 %
2025/07/30 18:52:41.630, 88.80 W, 61, 60 %, 12 %
2025/07/30 18:52:42.636, 84.40 W, 61, 59 %, 12 %
2025/07/30 18:52:43.639, 72.81 W, 61, 31 %, 7 %
2025/07/30 18:52:44.642, 91.51 W, 61, 58 %, 12 %
2025/07/30 18:52:45.645, 91.84 W, 61, 59 %, 12 %
2025/07/30 18:52:46.648, 91.33 W, 61, 60 %, 12 %
2025/07/30 18:52:47.654, 86.77 W, 61, 60 %, 12 %
2025/07/30 18:52:48.658, 84.85 W, 61, 58 %, 12 %
2025/07/30 18:52:49.661, 89.24 W, 61, 59 %, 12 %
2025/07/30 18:52:50.664, 85.63 W, 61, 60 %, 12 %
2025/07/30 18:52:51.667, 89.16 W, 61, 59 %, 12 %
2025/07/30 18:52:52.672, 86.15 W, 61, 59 %, 12 %
2025/07/30 18:52:53.675, 83.97 W, 61, 31 %, 7 %
2025/07/30 18:52:54.678, 79.78 W, 61, 60 %, 12 %
2025/07/30 18:52:55.683, 89.41 W, 61, 59 %, 12 %
2025/07/30 18:52:56.686, 84.23 W, 61, 59 %, 12 %
2025/07/30 18:52:57.689, 82.04 W, 61, 56 %, 11 %
2025/07/30 18:52:58.692, 81.51 W, 61, 55 %, 11 %
2025/07/30 18:52:59.696, 83.69 W, 61, 56 %, 11 %
2025/07/30 18:53:00.702, 86.94 W, 61, 56 %, 11 %
2025/07/30 18:53:01.706, 79.08 W, 61, 57 %, 11 %
2025/07/30 18:53:02.709, 69.23 W, 61, 31 %, 7 %
2025/07/30 18:53:03.713, 85.46 W, 61, 57 %, 11 %
2025/07/30 18:53:04.716, 86.98 W, 61, 56 %, 11 %
2025/07/30 18:53:05.720, 82.75 W, 61, 57 %, 11 %
2025/07/30 18:53:06.724, 81.51 W, 61, 56 %, 11 %
2025/07/30 18:53:07.727, 80.03 W, 61, 54 %, 11 %
2025/07/30 18:53:08.730, 88.72 W, 61, 59 %, 12 %
2025/07/30 18:53:09.733, 87.97 W, 61, 59 %, 12 %
2025/07/30 18:53:10.738, 84.28 W, 61, 59 %, 12 %
2025/07/30 18:53:11.742, 89.41 W, 61, 60 %, 12 %
2025/07/30 18:53:12.745, 69.94 W, 61, 34 %, 9 %
2025/07/30 18:53:13.748, 90.34 W, 61, 59 %, 12 %
2025/07/30 18:53:14.753, 90.85 W, 61, 59 %, 12 %
2025/07/30 18:53:15.756, 84.97 W, 61, 59 %, 12 %
2025/07/30 18:53:16.759, 87.02 W, 61, 59 %, 12 %
2025/07/30 18:53:17.763, 89.90 W, 61, 60 %, 12 %
2025/07/30 18:53:18.766, 86.44 W, 61, 59 %, 12 %
2025/07/30 18:53:19.769, 82.79 W, 61, 59 %, 12 %
2025/07/30 18:53:20.773, 83.24 W, 61, 59 %, 12 %
2025/07/30 18:53:21.776, 70.19 W, 61, 39 %, 8 %
2025/07/30 18:53:22.779, 78.10 W, 61, 58 %, 12 %
2025/07/30 18:53:23.786, 84.47 W, 61, 60 %, 12 %
2025/07/30 18:53:24.789, 87.93 W, 61, 59 %, 12 %
2025/07/30 18:53:25.793, 88.17 W, 61, 59 %, 12 %
2025/07/30 18:53:26.797, 86.70 W, 61, 59 %, 12 %
2025/07/30 18:53:27.801, 88.23 W, 61, 59 %, 12 %
2025/07/30 18:53:28.804, 85.46 W, 61, 59 %, 12 %
2025/07/30 18:53:29.808, 88.92 W, 61, 60 %, 12 %
2025/07/30 18:53:30.811, 88.72 W, 61, 59 %, 12 %
2025/07/30 18:53:31.814, 87.14 W, 61, 22 %, 5 %
2025/07/30 18:53:32.817, 83.44 W, 61, 58 %, 12 %
2025/07/30 18:53:33.823, 91.39 W, 61, 60 %, 12 %
2025/07/30 18:53:34.826, 85.70 W, 61, 60 %, 12 %
2025/07/30 18:53:35.829, 88.18 W, 61, 60 %, 12 %
2025/07/30 18:53:36.833, 84.71 W, 62, 60 %, 12 %
2025/07/30 18:53:37.838, 86.44 W, 61, 60 %, 12 %
2025/07/30 18:53:38.841, 92.12 W, 61, 60 %, 12 %
2025/07/30 18:53:39.844, 89.41 W, 62, 61 %, 12 %
2025/07/30 18:53:40.848, 74.18 W, 61, 35 %, 9 %
2025/07/30 18:53:41.851, 85.71 W, 61, 59 %, 12 %
2025/07/30 18:53:42.854, 89.36 W, 61, 58 %, 12 %
2025/07/30 18:53:43.857, 89.41 W, 61, 59 %, 12 %
2025/07/30 18:53:44.861, 88.21 W, 61, 59 %, 12 %
2025/07/30 18:53:45.864, 88.17 W, 62, 59 %, 12 %
2025/07/30 18:53:46.870, 87.18 W, 62, 60 %, 12 %
2025/07/30 18:53:47.874, 86.20 W, 61, 59 %, 12 %
2025/07/30 18:53:48.877, 81.30 W, 61, 59 %, 12 %
2025/07/30 18:53:49.880, 68.21 W, 61, 46 %, 9 %
2025/07/30 18:53:50.883, 84.97 W, 61, 59 %, 12 %
2025/07/30 18:53:51.889, 82.75 W, 62, 58 %, 12 %
2025/07/30 18:53:52.892, 85.67 W, 61, 58 %, 12 %
2025/07/30 18:53:53.895, 90.19 W, 61, 57 %, 11 %
2025/07/30 18:53:54.898, 89.11 W, 62, 57 %, 12 %
2025/07/30 18:53:55.902, 90.28 W, 62, 60 %, 12 %
2025/07/30 18:53:56.907, 86.33 W, 62, 59 %, 12 %
2025/07/30 18:53:57.910, 86.62 W, 62, 60 %, 12 %
2025/07/30 18:53:58.913, 83.37 W, 62, 58 %, 12 %
2025/07/30 18:53:59.916, 70.34 W, 61, 34 %, 8 %
2025/07/30 18:54:00.920, 84.56 W, 61, 59 %, 12 %
2025/07/30 18:54:01.924, 87.68 W, 61, 59 %, 12 %
2025/07/30 18:54:02.927, 86.15 W, 62, 59 %, 12 %
2025/07/30 18:54:03.930, 87.68 W, 61, 60 %, 12 %
2025/07/30 18:54:04.934, 82.20 W, 62, 59 %, 12 %
2025/07/30 18:54:05.938, 86.98 W, 62, 59 %, 12 %
2025/07/30 18:54:06.941, 85.50 W, 62, 59 %, 12 %
2025/07/30 18:54:07.945, 85.51 W, 61, 58 %, 12 %
2025/07/30 18:54:08.949, 67.01 W, 61, 29 %, 6 %
2025/07/30 18:54:09.956, 82.75 W, 61, 56 %, 11 %
2025/07/30 18:54:10.959, 81.75 W, 62, 57 %, 12 %
2025/07/30 18:54:11.962, 86.20 W, 61, 55 %, 11 %
2025/07/30 18:54:12.965, 81.30 W, 61, 56 %, 11 %
2025/07/30 18:54:13.969, 85.25 W, 61, 55 %, 11 %
2025/07/30 18:54:14.973, 90.34 W, 62, 57 %, 12 %
2025/07/30 18:54:15.976, 83.27 W, 62, 56 %, 11 %
2025/07/30 18:54:16.980, 84.06 W, 61, 56 %, 11 %
2025/07/30 18:54:17.985, 74.14 W, 62, 55 %, 11 %
2025/07/30 18:54:18.991, 71.95 W, 61, 34 %, 9 %
2025/07/30 18:54:19.995, 83.48 W, 61, 58 %, 12 %
2025/07/30 18:54:20.998, 84.77 W, 61, 59 %, 12 %
2025/07/30 18:54:22.001, 83.24 W, 61, 59 %, 12 %
2025/07/30 18:54:23.004, 86.94 W, 62, 60 %, 12 %
2025/07/30 18:54:24.009, 85.00 W, 62, 59 %, 12 %
2025/07/30 18:54:25.012, 85.95 W, 62, 59 %, 12 %
2025/07/30 18:54:26.015, 83.97 W, 62, 59 %, 12 %
2025/07/30 18:54:27.018, 84.96 W, 62, 59 %, 12 %
2025/07/30 18:54:28.022, 70.72 W, 61, 59 %, 12 %
2025/07/30 18:54:29.025, 90.39 W, 61, 59 %, 12 %
2025/07/30 18:54:30.028, 89.36 W, 61, 60 %, 12 %
2025/07/30 18:54:31.032, 86.20 W, 61, 59 %, 12 %
2025/07/30 18:54:32.035, 85.70 W, 62, 59 %, 12 %
2025/07/30 18:54:33.039, 89.12 W, 61, 59 %, 12 %
2025/07/30 18:54:34.042, 89.17 W, 61, 60 %, 12 %
2025/07/30 18:54:35.046, 87.23 W, 62, 59 %, 12 %
2025/07/30 18:54:36.049, 85.41 W, 62, 60 %, 12 %
2025/07/30 18:54:37.052, 90.10 W, 62, 60 %, 12 %
2025/07/30 18:54:38.058, 89.65 W, 61, 35 %, 9 %
2025/07/30 18:54:39.061, 86.70 W, 62, 59 %, 12 %
2025/07/30 18:54:40.065, 87.68 W, 62, 59 %, 12 %
2025/07/30 18:54:41.068, 90.19 W, 62, 59 %, 12 %
2025/07/30 18:54:42.071, 89.91 W, 61, 60 %, 12 %
2025/07/30 18:54:43.075, 85.02 W, 62, 60 %, 12 %
2025/07/30 18:54:44.079, 82.00 W, 62, 59 %, 12 %
2025/07/30 18:54:45.082, 80.57 W, 62, 59 %, 12 %
2025/07/30 18:54:46.086, 82.58 W, 61, 59 %, 12 %
2025/07/30 18:54:47.089, 71.21 W, 61, 34 %, 9 %
2025/07/30 18:54:48.093, 84.03 W, 61, 58 %, 12 %
2025/07/30 18:54:49.096, 84.67 W, 61, 60 %, 12 %
2025/07/30 18:54:50.099, 88.36 W, 62, 59 %, 12 %
2025/07/30 18:54:51.104, 86.69 W, 62, 60 %, 12 %
2025/07/30 18:54:52.108, 89.60 W, 62, 60 %, 12 %
2025/07/30 18:54:53.111, 91.63 W, 61, 60 %, 12 %
2025/07/30 18:54:54.115, 86.44 W, 62, 60 %, 12 %
2025/07/30 18:54:55.118, 88.42 W, 62, 60 %, 12 %
2025/07/30 18:54:56.123, 72.94 W, 61, 35 %, 8 %
2025/07/30 18:54:57.126, 87.18 W, 61, 60 %, 12 %
2025/07/30 18:54:58.130, 84.28 W, 62, 58 %, 12 %
2025/07/30 18:54:59.134, 90.84 W, 62, 60 %, 12 %
2025/07/30 18:55:00.137, 84.03 W, 62, 60 %, 12 %
2025/07/30 18:55:01.142, 81.80 W, 62, 60 %, 12 %
2025/07/30 18:55:02.145, 84.52 W, 62, 60 %, 12 %
2025/07/30 18:55:03.148, 91.14 W, 62, 59 %, 12 %
2025/07/30 18:55:04.152, 88.67 W, 62, 58 %, 12 %
2025/07/30 18:55:05.155, 83.77 W, 62, 60 %, 12 %
2025/07/30 18:55:06.159, 82.54 W, 61, 36 %, 7 %
2025/07/30 18:55:07.162, 84.01 W, 62, 60 %, 12 %
2025/07/30 18:55:08.166, 83.97 W, 62, 58 %, 12 %
2025/07/30 18:55:09.169, 86.75 W, 62, 59 %, 12 %
2025/07/30 18:55:10.172, 91.39 W, 62, 59 %, 12 %
2025/07/30 18:55:11.176, 88.96 W, 62, 59 %, 12 %
2025/07/30 18:55:12.179, 87.19 W, 62, 59 %, 12 %
2025/07/30 18:55:13.182, 91.82 W, 62, 59 %, 12 %
2025/07/30 18:55:14.186, 88.42 W, 61, 59 %, 12 %
2025/07/30 18:55:15.189, 71.42 W, 61, 34 %, 9 %
2025/07/30 18:55:16.192, 86.94 W, 62, 60 %, 12 %
2025/07/30 18:55:17.196, 85.71 W, 61, 59 %, 12 %
2025/07/30 18:55:18.199, 78.84 W, 62, 53 %, 11 %
2025/07/30 18:55:19.203, 84.28 W, 62, 56 %, 11 %
2025/07/30 18:55:20.207, 85.21 W, 61, 57 %, 12 %
2025/07/30 18:55:21.211, 90.15 W, 62, 57 %, 11 %
2025/07/30 18:55:22.214, 90.10 W, 61, 57 %, 11 %
2025/07/30 18:55:23.217, 80.76 W, 62, 57 %, 11 %
2025/07/30 18:55:24.221, 88.23 W, 62, 55 %, 11 %
2025/07/30 18:55:25.226, 81.51 W, 61, 29 %, 6 %
2025/07/30 18:55:26.229, 85.25 W, 62, 56 %, 11 %
2025/07/30 18:55:27.232, 82.50 W, 62, 55 %, 11 %
2025/07/30 18:55:28.236, 80.07 W, 62, 47 %, 10 %
2025/07/30 18:55:29.239, 89.66 W, 62, 59 %, 12 %
2025/07/30 18:55:30.243, 86.20 W, 62, 60 %, 12 %
2025/07/30 18:55:31.246, 86.94 W, 62, 60 %, 12 %
2025/07/30 18:55:32.249, 81.56 W, 62, 59 %, 12 %
2025/07/30 18:55:33.253, 87.18 W, 62, 60 %, 12 %
2025/07/30 18:55:34.256, 72.91 W, 61, 34 %, 9 %
2025/07/30 18:55:35.259, 88.91 W, 61, 60 %, 12 %
2025/07/30 18:55:36.262, 84.01 W, 62, 60 %, 12 %
2025/07/30 18:55:37.266, 90.64 W, 62, 60 %, 12 %
2025/07/30 18:55:38.269, 86.69 W, 62, 55 %, 11 %
2025/07/30 18:55:39.274, 86.64 W, 62, 59 %, 12 %
2025/07/30 18:55:40.277, 86.45 W, 62, 59 %, 12 %
2025/07/30 18:55:41.281, 88.38 W, 62, 60 %, 12 %
2025/07/30 18:55:42.284, 92.17 W, 62, 60 %, 12 %
2025/07/30 18:55:43.288, 86.20 W, 62, 58 %, 12 %
2025/07/30 18:55:44.293, 83.98 W, 61, 59 %, 12 %
2025/07/30 18:55:45.296, 88.62 W, 62, 59 %, 12 %
2025/07/30 18:55:46.299, 86.44 W, 62, 60 %, 12 %
2025/07/30 18:55:47.302, 84.19 W, 62, 59 %, 12 %
2025/07/30 18:55:48.306, 88.92 W, 62, 54 %, 11 %
2025/07/30 18:55:49.310, 91.33 W, 62, 58 %, 12 %
2025/07/30 18:55:50.313, 85.95 W, 62, 58 %, 12 %
2025/07/30 18:55:51.317, 84.52 W, 62, 59 %, 12 %
2025/07/30 18:55:52.320, 88.62 W, 62, 58 %, 12 %
2025/07/30 18:55:53.323, 72.66 W, 61, 34 %, 8 %
2025/07/30 18:55:54.326, 82.99 W, 62, 59 %, 12 %
2025/07/30 18:55:55.330, 84.22 W, 62, 58 %, 12 %
2025/07/30 18:55:56.333, 85.95 W, 62, 58 %, 12 %
2025/07/30 18:55:57.336, 86.94 W, 62, 59 %, 12 %
2025/07/30 18:55:58.340, 81.96 W, 62, 54 %, 11 %
2025/07/30 18:55:59.343, 86.75 W, 62, 59 %, 12 %
2025/07/30 18:56:00.346, 88.17 W, 62, 59 %, 12 %
2025/07/30 18:56:01.350, 84.17 W, 62, 59 %, 12 %
2025/07/30 18:56:02.353, 56.91 W, 62, 59 %, 12 %
2025/07/30 18:56:03.358, 90.40 W, 61, 58 %, 12 %
2025/07/30 18:56:04.361, 84.22 W, 62, 60 %, 12 %
2025/07/30 18:56:05.364, 87.63 W, 62, 59 %, 12 %
2025/07/30 18:56:06.367, 90.34 W, 62, 59 %, 12 %
2025/07/30 18:56:07.371, 87.42 W, 62, 59 %, 12 %
2025/07/30 18:56:08.376, 87.97 W, 62, 57 %, 12 %
2025/07/30 18:56:09.380, 87.18 W, 62, 59 %, 12 %
2025/07/30 18:56:10.383, 83.49 W, 62, 60 %, 12 %
2025/07/30 18:56:11.386, 81.01 W, 62, 59 %, 12 %
2025/07/30 18:56:12.390, 65.99 W, 61, 34 %, 8 %
2025/07/30 18:56:13.394, 92.09 W, 62, 59 %, 12 %
2025/07/30 18:56:14.397, 87.44 W, 62, 59 %, 12 %
2025/07/30 18:56:15.401, 91.08 W, 62, 59 %, 12 %
2025/07/30 18:56:16.404, 84.91 W, 62, 59 %, 12 %
2025/07/30 18:56:17.407, 87.19 W, 62, 59 %, 12 %
2025/07/30 18:56:18.410, 84.71 W, 62, 59 %, 12 %
2025/07/30 18:56:19.413, 84.97 W, 62, 60 %, 12 %
2025/07/30 18:56:20.417, 86.44 W, 62, 60 %, 12 %
2025/07/30 18:56:21.420, 71.21 W, 62, 35 %, 9 %
2025/07/30 18:56:22.425, 91.88 W, 62, 58 %, 12 %
2025/07/30 18:56:23.428, 90.59 W, 62, 59 %, 12 %
2025/07/30 18:56:24.431, 89.41 W, 62, 59 %, 12 %
2025/07/30 18:56:25.435, 86.20 W, 62, 59 %, 12 %
2025/07/30 18:56:26.438, 87.43 W, 62, 58 %, 12 %
2025/07/30 18:56:27.443, 87.98 W, 62, 59 %, 12 %
2025/07/30 18:56:28.447, 85.51 W, 62, 59 %, 12 %
2025/07/30 18:56:29.450, 89.11 W, 62, 56 %, 11 %
2025/07/30 18:56:30.454, 83.97 W, 62, 57 %, 11 %
2025/07/30 18:56:31.458, 53.44 W, 61, 29 %, 7 %
2025/07/30 18:56:32.461, 86.69 W, 62, 56 %, 11 %
2025/07/30 18:56:33.465, 85.74 W, 62, 56 %, 11 %
2025/07/30 18:56:34.468, 88.37 W, 62, 57 %, 11 %
2025/07/30 18:56:35.471, 79.58 W, 62, 56 %, 11 %
2025/07/30 18:56:36.474, 83.73 W, 62, 57 %, 11 %
2025/07/30 18:56:37.478, 83.73 W, 62, 56 %, 11 %
2025/07/30 18:56:38.482, 89.41 W, 62, 56 %, 11 %
2025/07/30 18:56:39.485, 82.50 W, 62, 56 %, 11 %
2025/07/30 18:56:40.489, 86.70 W, 62, 59 %, 12 %
2025/07/30 18:56:41.492, 90.34 W, 61, 29 %, 6 %
2025/07/30 18:56:42.496, 88.46 W, 62, 59 %, 12 %
2025/07/30 18:56:43.499, 84.47 W, 62, 59 %, 12 %
2025/07/30 18:56:44.502, 85.46 W, 62, 57 %, 12 %
2025/07/30 18:56:45.508, 91.39 W, 62, 59 %, 12 %
2025/07/30 18:56:46.512, 83.78 W, 62, 59 %, 12 %
2025/07/30 18:56:47.515, 89.34 W, 62, 59 %, 12 %
2025/07/30 18:56:48.518, 83.77 W, 62, 58 %, 12 %
2025/07/30 18:56:49.522, 84.71 W, 62, 58 %, 12 %
2025/07/30 18:56:50.528, 70.42 W, 62, 34 %, 9 %
2025/07/30 18:56:51.531, 86.69 W, 62, 59 %, 12 %
2025/07/30 18:56:52.535, 89.41 W, 62, 59 %, 12 %
2025/07/30 18:56:53.538, 85.90 W, 62, 59 %, 12 %
2025/07/30 18:56:54.541, 90.34 W, 62, 59 %, 12 %
2025/07/30 18:56:55.545, 89.36 W, 62, 58 %, 12 %
2025/07/30 18:56:56.548, 85.95 W, 62, 59 %, 12 %
2025/07/30 18:56:57.551, 88.18 W, 62, 59 %, 12 %
2025/07/30 18:56:58.554, 84.47 W, 62, 59 %, 12 %
2025/07/30 18:56:59.558, 88.91 W, 62, 58 %, 12 %
2025/07/30 18:57:00.565, 84.96 W, 61, 33 %, 7 %
2025/07/30 18:57:01.568, 89.16 W, 62, 59 %, 12 %
2025/07/30 18:57:02.571, 88.37 W, 62, 58 %, 12 %
2025/07/30 18:57:03.575, 90.34 W, 62, 58 %, 12 %
2025/07/30 18:57:04.578, 90.10 W, 62, 59 %, 12 %
2025/07/30 18:57:05.581, 79.83 W, 62, 59 %, 12 %
2025/07/30 18:57:06.584, 87.38 W, 62, 59 %, 12 %
2025/07/30 18:57:07.588, 91.82 W, 62, 59 %, 12 %
2025/07/30 18:57:08.592, 87.64 W, 62, 59 %, 12 %
2025/07/30 18:57:09.596, 70.68 W, 62, 34 %, 9 %
2025/07/30 18:57:10.600, 89.41 W, 62, 59 %, 12 %
2025/07/30 18:57:11.603, 86.69 W, 62, 58 %, 12 %
2025/07/30 18:57:12.606, 85.71 W, 62, 58 %, 12 %
2025/07/30 18:57:13.611, 85.41 W, 62, 59 %, 12 %
2025/07/30 18:57:14.614, 82.53 W, 62, 59 %, 12 %
2025/07/30 18:57:15.617, 89.11 W, 62, 59 %, 12 %
2025/07/30 18:57:16.621, 87.93 W, 62, 59 %, 12 %
2025/07/30 18:57:17.625, 84.97 W, 62, 59 %, 12 %
2025/07/30 18:57:18.629, 86.39 W, 62, 57 %, 12 %
2025/07/30 18:57:19.632, 83.97 W, 61, 43 %, 9 %
2025/07/30 18:57:20.635, 82.28 W, 62, 59 %, 12 %
2025/07/30 18:57:21.639, 87.88 W, 62, 59 %, 12 %
2025/07/30 18:57:22.642, 86.20 W, 62, 58 %, 12 %
2025/07/30 18:57:23.645, 92.12 W, 62, 59 %, 12 %
2025/07/30 18:57:24.648, 85.00 W, 62, 60 %, 12 %
2025/07/30 18:57:25.652, 84.67 W, 62, 59 %, 12 %
2025/07/30 18:57:26.658, 85.70 W, 62, 59 %, 12 %
2025/07/30 18:57:27.661, 83.93 W, 62, 59 %, 12 %
2025/07/30 18:57:28.665, 69.20 W, 61, 34 %, 8 %
2025/07/30 18:57:29.668, 80.51 W, 62, 59 %, 12 %
2025/07/30 18:57:30.671, 85.70 W, 62, 59 %, 12 %
2025/07/30 18:57:31.676, 86.90 W, 62, 59 %, 12 %
2025/07/30 18:57:32.680, 88.17 W, 62, 58 %, 12 %
2025/07/30 18:57:33.683, 86.44 W, 62, 59 %, 12 %
2025/07/30 18:57:34.686, 88.17 W, 62, 60 %, 12 %
2025/07/30 18:57:35.689, 87.23 W, 62, 59 %, 12 %
2025/07/30 18:57:36.695, 88.71 W, 62, 60 %, 12 %
2025/07/30 18:57:37.698, 49.97 W, 62, 60 %, 12 %
2025/07/30 18:57:38.703, 86.69 W, 62, 60 %, 12 %
2025/07/30 18:57:39.706, 87.68 W, 62, 57 %, 11 %
2025/07/30 18:57:40.710, 87.88 W, 62, 57 %, 11 %
2025/07/30 18:57:41.713, 86.39 W, 62, 58 %, 12 %
2025/07/30 18:57:42.716, 86.94 W, 62, 57 %, 11 %
2025/07/30 18:57:43.720, 87.68 W, 62, 56 %, 11 %
2025/07/30 18:57:44.723, 91.88 W, 62, 56 %, 11 %
2025/07/30 18:57:45.726, 87.47 W, 62, 57 %, 11 %
2025/07/30 18:57:46.730, 85.00 W, 62, 56 %, 11 %
2025/07/30 18:57:47.733, 68.49 W, 62, 24 %, 5 %
2025/07/30 18:57:48.736, 87.38 W, 62, 55 %, 11 %
2025/07/30 18:57:49.743, 80.52 W, 62, 54 %, 11 %
2025/07/30 18:57:50.746, 84.22 W, 62, 59 %, 12 %
2025/07/30 18:57:51.749, 86.44 W, 62, 58 %, 12 %
2025/07/30 18:57:52.753, 88.12 W, 62, 59 %, 12 %
2025/07/30 18:57:53.756, 90.89 W, 62, 60 %, 12 %
2025/07/30 18:57:54.760, 92.12 W, 62, 59 %, 12 %
2025/07/30 18:57:55.764, 88.42 W, 62, 59 %, 12 %
2025/07/30 18:57:56.767, 86.20 W, 62, 58 %, 12 %
2025/07/30 18:57:57.770, 71.18 W, 61, 34 %, 8 %
2025/07/30 18:57:58.773, 86.20 W, 62, 59 %, 12 %
2025/07/30 18:57:59.779, 85.95 W, 62, 59 %, 12 %
2025/07/30 18:58:00.783, 87.63 W, 62, 59 %, 12 %
2025/07/30 18:58:01.786, 83.48 W, 62, 59 %, 12 %
2025/07/30 18:58:02.789, 89.85 W, 62, 58 %, 12 %
2025/07/30 18:58:03.792, 84.47 W, 62, 59 %, 12 %
2025/07/30 18:58:04.797, 86.98 W, 62, 59 %, 12 %
2025/07/30 18:58:05.800, 89.36 W, 62, 59 %, 12 %
2025/07/30 18:58:06.803, 72.69 W, 61, 37 %, 8 %
2025/07/30 18:58:07.806, 84.03 W, 61, 59 %, 12 %
2025/07/30 18:58:08.810, 85.16 W, 62, 57 %, 12 %
2025/07/30 18:58:09.813, 86.69 W, 62, 59 %, 12 %
2025/07/30 18:58:10.816, 91.43 W, 62, 59 %, 12 %
2025/07/30 18:58:11.819, 89.36 W, 62, 59 %, 12 %
2025/07/30 18:58:12.823, 84.42 W, 62, 58 %, 12 %
2025/07/30 18:58:13.827, 90.15 W, 62, 59 %, 12 %
2025/07/30 18:58:14.830, 84.71 W, 62, 59 %, 12 %
2025/07/30 18:58:15.833, 88.91 W, 62, 59 %, 12 %
2025/07/30 18:58:16.837, 47.51 W, 61, 33 %, 8 %
2025/07/30 18:58:17.840, 50.47 W, 61, 19 %, 1 %
2025/07/30 18:58:18.847, 50.72 W, 60, 19 %, 1 %
2025/07/30 18:58:19.850, 43.57 W, 60, 21 %, 1 %
2025/07/30 18:58:20.854, 43.82 W, 60, 21 %, 1 %
2025/07/30 18:58:21.858, 43.32 W, 60, 21 %, 1 %
2025/07/30 18:58:22.863, 43.32 W, 59, 21 %, 1 %
2025/07/30 18:58:23.867, 43.82 W, 59, 21 %, 1 %
2025/07/30 18:58:24.870, 43.32 W, 59, 21 %, 1 %
2025/07/30 18:58:25.873, 43.08 W, 59, 21 %, 1 %
2025/07/30 18:58:26.877, 43.32 W, 59, 21 %, 1 %
2025/07/30 18:58:27.881, 43.08 W, 59, 21 %, 1 %
2025/07/30 18:58:28.884, 43.08 W, 59, 21 %, 1 %
2025/07/30 18:58:29.888, 44.31 W, 58, 15 %, 1 %
2025/07/30 18:58:30.891, 44.56 W, 58, 23 %, 2 %
2025/07/30 18:58:31.897, 44.31 W, 58, 23 %, 2 %
2025/07/30 18:58:32.901, 44.07 W, 58, 23 %, 2 %
2025/07/30 18:58:33.904, 43.82 W, 58, 23 %, 2 %
2025/07/30 18:58:34.907, 44.56 W, 58, 23 %, 2 %
2025/07/30 18:58:35.911, 44.56 W, 58, 23 %, 2 %
2025/07/30 18:58:36.914, 44.31 W, 58, 24 %, 2 %
2025/07/30 18:58:37.917, 39.61 W, 58, 0 %, 0 %
2025/07/30 18:58:38.921, 39.36 W, 58, 0 %, 0 %
